1.989929257;R;55426;insert
3.943877069;W;55427;insert
4.244081523;W;55428;insert
4.444764200;W;55429;insert
4.559600734;W;55430;sync_supers
5.563995009;W;55431;insert
5.881409277;W;55432;insert
6.358276088;W;55433;insert
6.445129971;W;55434;insert
7.595703963;W;55435;insert
7.921447621;W;55436;insert
8.247161146;W;55437;insert
9.483276943;W;55438;insert
9.810241385;W;55439;insert
10.219908477;W;55440;insert
10.556548645;W;55441;sync_supers
11.322267581;W;55442;insert
11.781829695;W;55443;insert
12.099058507;W;55444;insert
13.401886007;W;55445;insert
13.702575694;W;55446;insert
13.953674269;W;55447;insert
14.003387536;W;55448;insert
15.375216647;W;55449;insert
15.717651942;W;55450;insert
16.135403268;W;55451;insert
16.556427323;W;55452;sync_supers
17.421966689;W;55453;insert
17.722747743;W;55454;insert
18.025268287;W;55455;insert
19.261230027;W;55456;insert
19.561768024;W;55457;insert
19.864258326;W;55458;insert
21.024321777;W;55459;insert
21.382597261;W;55460;insert
21.900754254;W;55461;insert
21.959291559;W;55462;insert
22.556549959;W;55463;sync_supers
23.138061727;W;55464;insert
23.438964808;W;55465;insert
23.781067053;W;55466;insert
25.000763520;W;55467;insert
25.301268319;W;55468;insert
25.602020126;W;55469;insert
26.990356213;W;55470;insert
27.316132624;W;55471;insert
27.658996342;W;55472;insert
28.556549185;W;55473;sync_supers
28.777922609;W;55474;insert
29.080352499;W;55475;insert
29.338196459;W;55476;insert
29.387785498;W;55477;insert
30.625490721;W;55478;insert
30.909607645;W;55479;insert
31.251952694;W;55480;insert
32.404662854;W;55481;insert
32.705353429;W;55482;insert
33.006194340;W;55483;insert
34.218993325;W;55484;insert
34.519377743;W;55485;insert
34.820189704;W;55486;insert
35.956238495;W;55487;insert
36.374817727;R;55447;insert
36.375000829;R;55448;insert
36.375153414;W;55360;insert
36.375580652;W;55361;insert
36.742033701;W;55362;insert
36.742460953;W;55363;insert
36.800110285;R;55461;insert
36.800293390;R;55462;insert
36.800476495;W;55364;insert
37.403258324;W;55365;insert
38.004729820;R;55476;insert
38.004912929;R;55477;insert
38.005126556;W;55366;insert
38.305237431;W;55367;insert
38.305817262;E;866;jffs2_gcd_mtd5
38.306397090;R;55424;jffs2_gcd_mtd5
38.306580188;R;55425;jffs2_gcd_mtd5
38.306793803;R;55426;jffs2_gcd_mtd5
38.306976902;R;55427;jffs2_gcd_mtd5
38.307160000;R;55428;jffs2_gcd_mtd5
38.307343099;R;55429;jffs2_gcd_mtd5
38.307526197;R;55430;jffs2_gcd_mtd5
38.307709296;R;55431;jffs2_gcd_mtd5
38.307892394;R;55432;jffs2_gcd_mtd5
38.308075493;R;55433;jffs2_gcd_mtd5
38.308258591;R;55434;jffs2_gcd_mtd5
38.308441690;R;55435;jffs2_gcd_mtd5
38.308624788;R;55436;jffs2_gcd_mtd5
38.308807887;R;55437;jffs2_gcd_mtd5
38.308990985;R;55438;jffs2_gcd_mtd5
38.309174084;R;55439;jffs2_gcd_mtd5
38.309357183;R;55440;jffs2_gcd_mtd5
38.309540281;R;55441;jffs2_gcd_mtd5
38.309723380;R;55442;jffs2_gcd_mtd5
38.309906478;R;55443;jffs2_gcd_mtd5
38.310089577;R;55444;jffs2_gcd_mtd5
38.310272675;R;55445;jffs2_gcd_mtd5
38.310486290;R;55446;jffs2_gcd_mtd5
38.310638872;R;55447;jffs2_gcd_mtd5
38.310852487;R;55448;jffs2_gcd_mtd5
38.311005069;R;55449;jffs2_gcd_mtd5
38.311218684;R;55450;jffs2_gcd_mtd5
38.311371266;R;55451;jffs2_gcd_mtd5
38.311584881;R;55452;jffs2_gcd_mtd5
38.311737463;R;55453;jffs2_gcd_mtd5
38.311951078;R;55454;jffs2_gcd_mtd5
38.312134177;R;55455;jffs2_gcd_mtd5
38.312317275;R;55456;jffs2_gcd_mtd5
38.312500374;R;55457;jffs2_gcd_mtd5
38.312683472;R;55458;jffs2_gcd_mtd5
38.312866571;R;55459;jffs2_gcd_mtd5
38.313049669;R;55460;jffs2_gcd_mtd5
38.313232768;R;55461;jffs2_gcd_mtd5
38.313415866;R;55462;jffs2_gcd_mtd5
38.313598965;R;55463;jffs2_gcd_mtd5
38.313782063;R;55464;jffs2_gcd_mtd5
38.313965162;R;55465;jffs2_gcd_mtd5
38.315063762;R;55466;jffs2_gcd_mtd5
38.315277379;R;55467;jffs2_gcd_mtd5
38.315460479;R;55468;jffs2_gcd_mtd5
38.315643579;R;55469;jffs2_gcd_mtd5
38.315826679;R;55470;jffs2_gcd_mtd5
38.316009779;R;55471;jffs2_gcd_mtd5
38.316192879;R;55472;jffs2_gcd_mtd5
38.316375979;R;55473;jffs2_gcd_mtd5
38.316559079;R;55474;jffs2_gcd_mtd5
38.316742179;R;55475;jffs2_gcd_mtd5
38.316925279;R;55476;jffs2_gcd_mtd5
38.317108379;R;55477;jffs2_gcd_mtd5
38.317291479;R;55478;jffs2_gcd_mtd5
38.317474579;R;55479;jffs2_gcd_mtd5
38.317657679;R;55480;jffs2_gcd_mtd5
38.317840779;R;55481;jffs2_gcd_mtd5
38.318054396;R;55482;jffs2_gcd_mtd5
38.318206979;R;55483;jffs2_gcd_mtd5
38.318420596;R;55484;jffs2_gcd_mtd5
38.318573179;R;55485;jffs2_gcd_mtd5
38.319122479;R;55486;jffs2_gcd_mtd5
38.319305579;R;55487;jffs2_gcd_mtd5
38.614685598;W;55368;insert
39.800200669;W;55369;insert
40.150850601;W;55370;insert
40.460145118;W;55371;insert
41.622558551;W;55372;insert
41.931823120;W;55373;insert
42.241852401;W;55374;insert
43.543487861;W;55375;insert
43.844117383;W;55376;insert
44.095153439;W;55377;insert
44.144959039;W;55378;insert
45.259765305;W;55379;insert
45.583252123;W;55380;insert
45.976440415;W;55381;insert
46.556550941;W;55382;sync_supers
47.403928754;W;55383;insert
47.704589280;W;55384;insert
48.055571885;W;55385;insert
49.159789463;W;55386;insert
49.493925224;W;55387;insert
49.844543307;W;55388;insert
51.030427301;W;55389;insert
51.415009870;W;55390;insert
51.666259379;W;55391;insert
51.715759341;W;55392;insert
52.556458444;W;55393;sync_supers
52.953400028;W;55394;insert
53.270875155;W;55395;insert
53.613372086;W;55396;insert
54.749360555;W;55397;insert
55.133635938;W;55398;insert
55.459230030;W;55399;insert
56.780975882;W;55400;insert
57.106536657;W;55401;insert
57.407469871;W;55402;insert
58.556578700;W;55403;sync_supers
58.977233667;W;55404;insert
59.228423286;W;55405;insert
59.278016959;W;55406;insert
60.465942949;W;55407;insert
60.766662640;W;55408;insert
61.067291200;W;55409;insert
62.242309083;W;55410;insert
62.620758605;W;55411;insert
63.004852344;W;55412;insert
64.150696318;W;55413;insert
64.459777138;W;55414;insert
64.556549708;W;55415;sync_supers
64.785490101;W;55416;insert
65.980010918;W;55417;insert
66.364441110;W;55418;insert
66.615630209;W;55419;insert
66.665314844;W;55420;insert
67.794647114;W;55421;insert
68.120330408;W;55422;insert
68.521821462;W;55423;insert
70.391082109;W;55296;insert
70.962588682;R;55360;insert
70.962771767;R;55361;insert
70.962954852;R;55362;insert
70.963137937;W;55297;insert
70.963565136;W;55298;insert
71.416898685;W;55299;insert
71.467043277;R;55363;insert
71.467226375;R;55364;insert
71.467409472;W;55300;insert
72.446076288;W;55301;insert
73.371520256;R;55365;insert
73.371733881;W;55302;insert
73.680603550;R;55366;insert
73.680786650;R;55367;insert
73.680969750;W;55303;insert
73.681396982;W;55304;insert
73.981292878;W;55305;insert
74.031158327;R;55377;insert
74.031341435;R;55378;insert
74.031524542;W;55306;insert
74.674318198;W;55307;insert
75.267363488;R;55391;insert
75.267546600;R;55392;insert
75.267729712;W;55308;insert
75.570435082;R;55405;insert
75.570618184;R;55406;insert
75.570801287;W;55309;insert
75.571228526;W;55310;insert
75.878081325;W;55311;insert
75.878508573;W;55312;insert
75.935302112;R;55419;insert
75.935485225;R;55420;insert
75.935668337;W;55313;insert
76.556548624;W;55314;sync_supers
76.557128467;E;865;jffs2_gcd_mtd5
76.557738829;R;55360;jffs2_gcd_mtd5
76.557921938;R;55361;jffs2_gcd_mtd5
76.558135564;R;55362;jffs2_gcd_mtd5
76.558318673;R;55363;jffs2_gcd_mtd5
76.558501781;R;55364;jffs2_gcd_mtd5
76.558684890;R;55365;jffs2_gcd_mtd5
76.558867998;R;55366;jffs2_gcd_mtd5
76.559051107;R;55367;jffs2_gcd_mtd5
76.559234215;R;55368;jffs2_gcd_mtd5
76.559417324;R;55369;jffs2_gcd_mtd5
76.559600433;R;55370;jffs2_gcd_mtd5
76.559783541;R;55371;jffs2_gcd_mtd5
76.559966650;R;55372;jffs2_gcd_mtd5
76.560149758;R;55373;jffs2_gcd_mtd5
76.560332867;R;55374;jffs2_gcd_mtd5
76.560515975;R;55375;jffs2_gcd_mtd5
76.560699084;R;55376;jffs2_gcd_mtd5
76.560882192;R;55377;jffs2_gcd_mtd5
76.561065301;R;55378;jffs2_gcd_mtd5
76.561248409;R;55379;jffs2_gcd_mtd5
76.561431518;R;55380;jffs2_gcd_mtd5
76.561614626;R;55381;jffs2_gcd_mtd5
76.561797735;R;55382;jffs2_gcd_mtd5
76.561980843;R;55383;jffs2_gcd_mtd5
76.562163952;R;55384;jffs2_gcd_mtd5
76.562347060;R;55385;jffs2_gcd_mtd5
76.562530169;R;55386;jffs2_gcd_mtd5
76.562713277;R;55387;jffs2_gcd_mtd5
76.562926904;R;55388;jffs2_gcd_mtd5
76.563079495;R;55389;jffs2_gcd_mtd5
76.563293121;R;55390;jffs2_gcd_mtd5
76.563445712;R;55391;jffs2_gcd_mtd5
76.563659338;R;55392;jffs2_gcd_mtd5
76.563811929;R;55393;jffs2_gcd_mtd5
76.564025555;R;55394;jffs2_gcd_mtd5
76.564239184;R;55395;jffs2_gcd_mtd5
76.564422294;R;55396;jffs2_gcd_mtd5
76.564605404;R;55397;jffs2_gcd_mtd5
76.564819033;R;55398;jffs2_gcd_mtd5
76.564971624;R;55399;jffs2_gcd_mtd5
76.565185253;R;55400;jffs2_gcd_mtd5
76.565337844;R;55401;jffs2_gcd_mtd5
76.565551473;R;55402;jffs2_gcd_mtd5
76.565734583;R;55403;jffs2_gcd_mtd5
76.565917693;R;55404;jffs2_gcd_mtd5
76.566100803;R;55405;jffs2_gcd_mtd5
76.566283913;R;55406;jffs2_gcd_mtd5
76.566467023;R;55407;jffs2_gcd_mtd5
76.566650133;R;55408;jffs2_gcd_mtd5
76.566833243;R;55409;jffs2_gcd_mtd5
76.567016353;R;55410;jffs2_gcd_mtd5
76.567199463;R;55411;jffs2_gcd_mtd5
76.567382573;R;55412;jffs2_gcd_mtd5
76.567565683;R;55413;jffs2_gcd_mtd5
76.567748793;R;55414;jffs2_gcd_mtd5
76.567931903;R;55415;jffs2_gcd_mtd5
76.568115013;R;55416;jffs2_gcd_mtd5
76.568298123;R;55417;jffs2_gcd_mtd5
76.568481233;R;55418;jffs2_gcd_mtd5
76.568664343;R;55419;jffs2_gcd_mtd5
76.568847453;R;55420;jffs2_gcd_mtd5
76.569030563;R;55421;jffs2_gcd_mtd5
76.569213673;R;55422;jffs2_gcd_mtd5
76.569396783;R;55423;jffs2_gcd_mtd5
77.198394402;W;55315;insert
77.549255732;W;55316;insert
77.850005091;W;55317;insert
79.019257323;W;55318;insert
79.361695409;W;55319;insert
79.720704444;W;55320;insert
80.908416998;W;55321;insert
81.250793246;W;55322;insert
81.593292442;W;55323;insert
82.556549254;W;55324;sync_supers
82.854215539;W;55325;insert
83.229953140;W;55326;insert
83.522643276;W;55327;insert
83.580721233;W;55328;insert
84.976593481;W;55329;insert
85.277251403;W;55330;insert
85.578125202;W;55331;insert
86.973358781;W;55332;insert
87.257233053;W;55333;insert
87.557982342;W;55334;insert
88.556548671;W;55335;sync_supers
89.029877066;W;55336;insert
89.380433817;W;55337;insert
90.599853514;W;55338;insert
91.008912257;W;55339;insert
91.268401473;W;55340;insert
91.326415264;W;55341;insert
92.580718648;W;55342;insert
92.881408577;W;55343;insert
93.183410143;W;55344;insert
94.293181650;W;55345;insert
94.686126186;W;55346;insert
95.036775169;W;55347;insert
96.224883081;W;55348;insert
96.575714108;W;55349;insert
96.876435013;W;55350;insert
98.188079555;W;55351;insert
98.447142532;W;55352;insert
98.731597280;W;55353;insert
98.781128248;W;55354;insert
99.885345479;W;55355;insert
100.186279340;W;55356;insert
100.486908222;W;55357;insert
101.606202199;W;55358;insert
101.948639524;W;55359;insert
102.249817830;W;55232;insert
102.743926651;W;55233;insert
103.412109754;R;55297;insert
103.412292859;R;55298;insert
103.412475963;R;55299;insert
103.412659068;W;55234;insert
103.413086311;W;55235;insert
103.696198075;R;55300;insert
103.696381175;R;55301;insert
103.696564275;W;55236;insert
103.829895972;W;55237;insert
103.955383498;R;55302;insert
103.955566602;R;55303;insert
103.955749707;W;55238;insert
104.489929279;W;55239;insert
105.082825447;R;55304;insert
105.083008553;R;55305;insert
105.083191659;W;55240;insert
105.083618907;W;55241;insert
105.383665614;R;55306;insert
105.383848723;R;55307;insert
105.384031832;W;55242;insert
105.534118301;W;55243;insert
105.634642910;W;55244;insert
105.684358195;R;55308;insert
105.684541296;R;55309;insert
105.684724398;W;55245;insert
106.396238297;W;55246;insert
106.556610430;R;55310;sync_supers
106.556793529;R;55311;sync_supers
106.557007144;W;55247;sync_supers
106.889313757;R;55312;insert
106.889496859;R;55313;insert
106.889679961;W;55248;insert
106.890107198;W;55249;insert
107.181548199;R;55314;insert
107.181731314;W;55250;insert
107.331939634;W;55251;insert
107.482422989;R;55327;insert
107.482606095;R;55328;insert
107.482819720;W;55252;insert
107.483216451;W;55253;insert
108.668333022;R;55340;insert
108.668546648;R;55341;insert
108.668729756;W;55254;insert
108.669157007;W;55255;insert
109.019073574;R;55353;insert
109.019256678;R;55354;insert
109.019439782;W;55256;insert
109.169586218;W;55257;insert
109.170227086;E;864;jffs2_gcd_mtd5
109.170806918;R;55296;jffs2_gcd_mtd5
109.170990023;R;55297;jffs2_gcd_mtd5
109.171203646;R;55298;jffs2_gcd_mtd5
109.171386751;R;55299;jffs2_gcd_mtd5
109.171569856;R;55300;jffs2_gcd_mtd5
109.171752961;R;55301;jffs2_gcd_mtd5
109.171936066;R;55302;jffs2_gcd_mtd5
109.172119171;R;55303;jffs2_gcd_mtd5
109.172302276;R;55304;jffs2_gcd_mtd5
109.172485381;R;55305;jffs2_gcd_mtd5
109.172668486;R;55306;jffs2_gcd_mtd5
109.172851591;R;55307;jffs2_gcd_mtd5
109.173034696;R;55308;jffs2_gcd_mtd5
109.173217801;R;55309;jffs2_gcd_mtd5
109.173400906;R;55310;jffs2_gcd_mtd5
109.173645046;R;55311;jffs2_gcd_mtd5
109.174316431;R;55312;jffs2_gcd_mtd5
109.174499536;R;55313;jffs2_gcd_mtd5
109.174713159;R;55314;jffs2_gcd_mtd5
109.174865747;R;55315;jffs2_gcd_mtd5
109.175079369;R;55316;jffs2_gcd_mtd5
109.175262474;R;55317;jffs2_gcd_mtd5
109.175445579;R;55318;jffs2_gcd_mtd5
109.175628684;R;55319;jffs2_gcd_mtd5
109.175811789;R;55320;jffs2_gcd_mtd5
109.175994894;R;55321;jffs2_gcd_mtd5
109.176177999;R;55322;jffs2_gcd_mtd5
109.176361104;R;55323;jffs2_gcd_mtd5
109.176544209;R;55324;jffs2_gcd_mtd5
109.176727314;R;55325;jffs2_gcd_mtd5
109.176910419;R;55326;jffs2_gcd_mtd5
109.177093524;R;55327;jffs2_gcd_mtd5
109.177276629;R;55328;jffs2_gcd_mtd5
109.177581805;R;55329;jffs2_gcd_mtd5
109.178009050;R;55330;jffs2_gcd_mtd5
109.178192155;R;55331;jffs2_gcd_mtd5
109.178375260;R;55332;jffs2_gcd_mtd5
109.178558365;R;55333;jffs2_gcd_mtd5
109.178741470;R;55334;jffs2_gcd_mtd5
109.178924575;R;55335;jffs2_gcd_mtd5
109.179107680;R;55336;jffs2_gcd_mtd5
109.179290785;R;55337;jffs2_gcd_mtd5
109.179473890;R;55338;jffs2_gcd_mtd5
109.179656995;R;55339;jffs2_gcd_mtd5
109.179840100;R;55340;jffs2_gcd_mtd5
109.180023205;R;55341;jffs2_gcd_mtd5
109.180206310;R;55342;jffs2_gcd_mtd5
109.180389415;R;55343;jffs2_gcd_mtd5
109.180572520;R;55344;jffs2_gcd_mtd5
109.180755625;R;55345;jffs2_gcd_mtd5
109.180938730;R;55346;jffs2_gcd_mtd5
109.181121835;R;55347;jffs2_gcd_mtd5
109.181365976;R;55348;jffs2_gcd_mtd5
109.181549081;R;55349;jffs2_gcd_mtd5
109.181732186;R;55350;jffs2_gcd_mtd5
109.181915291;R;55351;jffs2_gcd_mtd5
109.182098396;R;55352;jffs2_gcd_mtd5
109.182281501;R;55353;jffs2_gcd_mtd5
109.182495124;R;55354;jffs2_gcd_mtd5
109.182647711;R;55355;jffs2_gcd_mtd5
109.182861334;R;55356;jffs2_gcd_mtd5
109.183013921;R;55357;jffs2_gcd_mtd5
109.183227544;R;55358;jffs2_gcd_mtd5
109.183380132;R;55359;jffs2_gcd_mtd5
109.328185713;W;55258;insert
110.549254184;W;55259;insert
110.891479106;W;55260;insert
111.233827922;W;55261;insert
112.378173399;W;55262;insert
112.695555881;W;55263;insert
112.947237391;W;55264;insert
113.004668020;W;55265;insert
114.159119417;W;55266;insert
114.459685146;W;55267;insert
114.760621606;W;55268;insert
115.904816261;W;55269;insert
116.342893877;W;55270;insert
116.673524928;W;55271;insert
117.777711332;W;55272;insert
118.078399726;W;55273;insert
118.379211796;W;55274;insert
118.556549077;W;55275;sync_supers
119.506988649;W;55276;insert
119.774322955;W;55277;insert
120.000397779;W;55278;insert
120.050017735;W;55279;insert
121.204345351;W;55280;insert
121.662944206;W;55281;insert
121.939147503;W;55282;insert
123.200013978;W;55283;insert
123.500855560;W;55284;insert
123.801421427;W;55285;insert
124.556457986;W;55286;sync_supers
124.889069170;W;55287;insert
125.139953622;W;55288;insert
125.390991152;W;55289;insert
126.602171466;W;55290;insert
126.944550541;W;55291;insert
127.337827641;W;55292;insert
127.387543139;W;55293;insert
128.483459619;W;55294;insert
128.775878968;W;55295;insert
129.118712573;W;55168;insert
129.510803534;W;55169;insert
130.262696353;R;55234;insert
130.262879458;R;55235;insert
130.263062564;R;55236;insert
130.263245669;W;55170;insert
130.263672914;W;55171;insert
130.671661326;R;55237;insert
130.671874950;W;55172;insert
130.822235911;W;55173;insert
130.972626751;R;55238;insert
130.972809853;R;55239;insert
130.972992955;W;55174;insert
131.306609866;W;55175;insert
132.085296702;R;55240;insert
132.085479807;R;55241;insert
132.085662912;R;55242;insert
132.085846017;W;55176;insert
132.086273263;W;55177;insert
132.427642870;R;55243;insert
132.427856494;W;55178;insert
132.578125245;W;55179;insert
132.728392600;R;55244;insert
132.728575711;R;55245;insert
132.728758823;W;55180;insert
133.137538764;W;55181;insert
134.114196152;R;55246;insert
134.114409778;W;55182;insert
134.114837031;W;55183;insert
134.390138027;R;55247;insert
134.390321127;R;55248;insert
134.390504228;W;55184;insert
134.557222264;W;55185;insert
134.657744201;W;55186;insert
134.707397849;R;55249;insert
134.707611472;R;55250;insert
134.707764060;W;55187;insert
135.200103323;W;55188;insert
135.945129770;R;55251;insert
135.945343389;W;55189;insert
135.945770626;W;55190;insert
136.404689313;R;55252;insert
136.404872422;R;55253;insert
136.405055531;R;55254;insert
136.405238639;W;55191;insert
136.556548904;R;55255;sync_supers
136.556732016;R;55256;sync_supers
136.556915129;W;55192;sync_supers
136.557342391;W;55193;sync_supers
136.806152399;R;55257;insert
136.806396540;W;55194;insert
136.806823784;W;55195;insert
137.732543181;W;55196;insert
138.016509110;R;55264;insert
138.016722730;R;55265;insert
138.016905832;W;55197;insert
138.283752337;R;55278;insert
138.283935444;R;55279;insert
138.284118551;W;55198;insert
138.426025187;W;55199;insert
138.618044797;R;55292;insert
138.618227898;R;55293;insert
138.618410999;W;55200;insert
138.618838231;W;55201;insert
139.471557103;W;55202;insert
139.472167465;E;863;jffs2_gcd_mtd5
139.472747309;R;55232;jffs2_gcd_mtd5
139.472960935;R;55233;jffs2_gcd_mtd5
139.473144044;R;55234;jffs2_gcd_mtd5
139.473327153;R;55235;jffs2_gcd_mtd5
139.473510261;R;55236;jffs2_gcd_mtd5
139.473693370;R;55237;jffs2_gcd_mtd5
139.473906996;R;55238;jffs2_gcd_mtd5
139.474059587;R;55239;jffs2_gcd_mtd5
139.474273214;R;55240;jffs2_gcd_mtd5
139.474425804;R;55241;jffs2_gcd_mtd5
139.474639431;R;55242;jffs2_gcd_mtd5
139.474792021;R;55243;jffs2_gcd_mtd5
139.475005648;R;55244;jffs2_gcd_mtd5
139.475158238;R;55245;jffs2_gcd_mtd5
139.475371865;R;55246;jffs2_gcd_mtd5
139.475554974;R;55247;jffs2_gcd_mtd5
139.475738082;R;55248;jffs2_gcd_mtd5
139.475921191;R;55249;jffs2_gcd_mtd5
139.476104299;R;55250;jffs2_gcd_mtd5
139.476287408;R;55251;jffs2_gcd_mtd5
139.476470517;R;55252;jffs2_gcd_mtd5
139.476653625;R;55253;jffs2_gcd_mtd5
139.476836734;R;55254;jffs2_gcd_mtd5
139.477019842;R;55255;jffs2_gcd_mtd5
139.477202951;R;55256;jffs2_gcd_mtd5
139.477386059;R;55257;jffs2_gcd_mtd5
139.477569168;R;55258;jffs2_gcd_mtd5
139.477752277;R;55259;jffs2_gcd_mtd5
139.477935385;R;55260;jffs2_gcd_mtd5
139.478118494;R;55261;jffs2_gcd_mtd5
139.478973008;R;55262;jffs2_gcd_mtd5
139.479156118;R;55263;jffs2_gcd_mtd5
139.479369746;R;55264;jffs2_gcd_mtd5
139.479552857;R;55265;jffs2_gcd_mtd5
139.479735967;R;55266;jffs2_gcd_mtd5
139.479919077;R;55267;jffs2_gcd_mtd5
139.480102187;R;55268;jffs2_gcd_mtd5
139.480285297;R;55269;jffs2_gcd_mtd5
139.480468407;R;55270;jffs2_gcd_mtd5
139.480651517;R;55271;jffs2_gcd_mtd5
139.480834627;R;55272;jffs2_gcd_mtd5
139.481017737;R;55273;jffs2_gcd_mtd5
139.481200847;R;55274;jffs2_gcd_mtd5
139.481383957;R;55275;jffs2_gcd_mtd5
139.481567067;R;55276;jffs2_gcd_mtd5
139.481750177;R;55277;jffs2_gcd_mtd5
139.481933288;R;55278;jffs2_gcd_mtd5
139.482116398;R;55279;jffs2_gcd_mtd5
139.482299508;R;55280;jffs2_gcd_mtd5
139.482604691;R;55281;jffs2_gcd_mtd5
139.483031948;R;55282;jffs2_gcd_mtd5
139.483215058;R;55283;jffs2_gcd_mtd5
139.483398168;R;55284;jffs2_gcd_mtd5
139.483581278;R;55285;jffs2_gcd_mtd5
139.483764388;R;55286;jffs2_gcd_mtd5
139.483947498;R;55287;jffs2_gcd_mtd5
139.484130609;R;55288;jffs2_gcd_mtd5
139.484313719;R;55289;jffs2_gcd_mtd5
139.484496829;R;55290;jffs2_gcd_mtd5
139.484679939;R;55291;jffs2_gcd_mtd5
139.484863049;R;55292;jffs2_gcd_mtd5
139.485046159;R;55293;jffs2_gcd_mtd5
139.485229269;R;55294;jffs2_gcd_mtd5
139.485412379;R;55295;jffs2_gcd_mtd5
139.730469351;W;55203;insert
140.031646930;W;55204;insert
140.332000515;W;55205;insert
141.459624805;W;55206;insert
141.803801310;W;55207;insert
142.053009904;W;55208;insert
142.102690468;W;55209;insert
142.556579618;W;55210;sync_supers
143.215425515;W;55211;insert
143.532959043;W;55212;insert
143.817016448;W;55213;insert
144.961211302;W;55214;insert
145.262358316;W;55215;insert
145.612731760;W;55216;insert
146.884278813;W;55217;insert
147.184875251;W;55218;insert
147.485717622;W;55219;insert
148.556548887;W;55220;sync_supers
148.989319744;W;55221;insert
149.248413929;W;55222;insert
149.299041496;W;55223;insert
150.411010640;W;55224;insert
150.712678160;W;55225;insert
151.012420567;W;55226;insert
152.166229008;W;55227;insert
152.498994015;W;55228;insert
152.775086057;W;55229;insert
154.021118093;W;55230;insert
154.321960763;W;55231;insert
154.557007644;W;55104;sync_supers
154.672516359;R;55170;insert
154.672699466;R;55171;insert
154.672852055;R;55172;insert
154.673035162;W;55105;insert
154.673492930;W;55106;insert
155.516235466;W;55107;insert
155.875274379;R;55173;insert
155.875488004;W;55108;insert
156.270600785;R;55174;insert
156.270783885;R;55175;insert
156.270966984;W;55109;insert
156.344664395;W;55110;insert
156.544159340;W;55111;insert
156.593932350;R;55176;insert
156.594115463;R;55177;insert
156.594298576;R;55178;insert
156.594451170;W;55112;insert
156.594878433;W;55113;insert
157.447601554;W;55114;insert
157.698211982;R;55179;insert
157.698425604;W;55115;insert
158.007232857;R;55180;insert
158.007415961;R;55181;insert
158.007599066;W;55116;insert
158.080871155;W;55117;insert
158.441773511;R;55182;insert
158.441956618;R;55183;insert
158.442139725;R;55184;insert
158.442292314;W;55118;insert
158.442719563;W;55119;insert
159.520419363;W;55120;insert
159.778167796;R;55185;insert
159.778350901;W;55121;insert
160.128662605;R;55186;insert
160.128845710;R;55187;insert
160.129028815;W;55122;insert
160.178771732;W;55123;insert
160.431367184;R;55188;insert
160.431580798;W;55124;insert
160.432008027;W;55125;insert
160.556579429;R;55189;sync_supers
160.556793050;R;55190;sync_supers
160.556945637;R;55191;sync_supers
160.557128741;W;55126;sync_supers
160.982818705;W;55127;insert
161.684052446;R;55192;insert
161.684266068;W;55128;insert
161.976776015;R;55193;insert
161.976959122;R;55194;insert
161.977142228;W;55129;insert
161.977569477;W;55130;insert
162.227233510;W;55131;insert
162.277314158;R;55195;insert
162.277497262;R;55196;insert
162.277680367;W;55132;insert
162.870270456;W;55133;insert
163.421599710;R;55197;insert
163.421813341;R;55198;insert
163.421996452;W;55134;insert
163.722259848;R;55199;insert
163.722442953;W;55135;insert
163.722870197;W;55136;insert
163.990142748;W;55137;insert
163.990600515;W;55138;insert
164.039642704;R;55200;insert
164.039825809;R;55201;insert
164.040008913;R;55202;insert
164.040192017;W;55139;insert
164.601106022;W;55140;insert
165.160645412;R;55208;insert
165.160828515;R;55209;insert
165.161011619;W;55141;insert
165.461456302;R;55222;insert
165.461639405;R;55223;insert
165.461822508;W;55142;insert
165.462249748;W;55143;insert
165.800595328;W;55144;insert
165.801205691;E;862;jffs2_gcd_mtd5
165.801785535;R;55168;jffs2_gcd_mtd5
165.801999162;R;55169;jffs2_gcd_mtd5
165.802182271;R;55170;jffs2_gcd_mtd5
165.802365380;R;55171;jffs2_gcd_mtd5
165.802548489;R;55172;jffs2_gcd_mtd5
165.802731598;R;55173;jffs2_gcd_mtd5
165.802914707;R;55174;jffs2_gcd_mtd5
165.803097815;R;55175;jffs2_gcd_mtd5
165.803280924;R;55176;jffs2_gcd_mtd5
165.803464033;R;55177;jffs2_gcd_mtd5
165.803677660;R;55178;jffs2_gcd_mtd5
165.803830251;R;55179;jffs2_gcd_mtd5
165.804043878;R;55180;jffs2_gcd_mtd5
165.804196469;R;55181;jffs2_gcd_mtd5
165.804410096;R;55182;jffs2_gcd_mtd5
165.804562686;R;55183;jffs2_gcd_mtd5
165.804776313;R;55184;jffs2_gcd_mtd5
165.804928904;R;55185;jffs2_gcd_mtd5
165.805142531;R;55186;jffs2_gcd_mtd5
165.805295122;R;55187;jffs2_gcd_mtd5
165.805508749;R;55188;jffs2_gcd_mtd5
165.805691857;R;55189;jffs2_gcd_mtd5
165.805874966;R;55190;jffs2_gcd_mtd5
165.806058075;R;55191;jffs2_gcd_mtd5
165.806241184;R;55192;jffs2_gcd_mtd5
165.806485342;R;55193;jffs2_gcd_mtd5
165.807065225;R;55194;jffs2_gcd_mtd5
165.807248345;R;55195;jffs2_gcd_mtd5
165.807431466;R;55196;jffs2_gcd_mtd5
165.807614587;R;55197;jffs2_gcd_mtd5
165.807797708;R;55198;jffs2_gcd_mtd5
165.807980829;R;55199;jffs2_gcd_mtd5
165.808163950;R;55200;jffs2_gcd_mtd5
165.808347071;R;55201;jffs2_gcd_mtd5
165.808560712;R;55202;jffs2_gcd_mtd5
165.808713312;R;55203;jffs2_gcd_mtd5
165.808926953;R;55204;jffs2_gcd_mtd5
165.809079554;R;55205;jffs2_gcd_mtd5
165.809293195;R;55206;jffs2_gcd_mtd5
165.809445796;R;55207;jffs2_gcd_mtd5
165.809659437;R;55208;jffs2_gcd_mtd5
165.809812037;R;55209;jffs2_gcd_mtd5
165.810147759;R;55210;jffs2_gcd_mtd5
165.810330880;R;55211;jffs2_gcd_mtd5
165.810727642;R;55212;jffs2_gcd_mtd5
165.810910762;R;55213;jffs2_gcd_mtd5
165.811124403;R;55214;jffs2_gcd_mtd5
165.811307524;R;55215;jffs2_gcd_mtd5
165.811490645;R;55216;jffs2_gcd_mtd5
165.811673766;R;55217;jffs2_gcd_mtd5
165.811856887;R;55218;jffs2_gcd_mtd5
165.812040008;R;55219;jffs2_gcd_mtd5
165.812223129;R;55220;jffs2_gcd_mtd5
165.812406249;R;55221;jffs2_gcd_mtd5
165.812589370;R;55222;jffs2_gcd_mtd5
165.812772491;R;55223;jffs2_gcd_mtd5
165.812955612;R;55224;jffs2_gcd_mtd5
165.813138733;R;55225;jffs2_gcd_mtd5
165.813321854;R;55226;jffs2_gcd_mtd5
165.813504974;R;55227;jffs2_gcd_mtd5
165.813688095;R;55228;jffs2_gcd_mtd5
165.813871216;R;55229;jffs2_gcd_mtd5
165.814054337;R;55230;jffs2_gcd_mtd5
165.814298498;R;55231;jffs2_gcd_mtd5
165.871096189;W;55145;insert
166.556548593;W;55146;sync_supers
166.973815719;W;55147;insert
167.383267246;W;55148;insert
167.659088009;W;55149;insert
168.838348855;W;55150;insert
169.139159679;W;55151;insert
169.489837627;W;55152;insert
170.642364152;W;55153;insert
170.918151352;W;55154;insert
171.194580793;W;55155;insert
171.244017981;W;55156;insert
172.331817045;W;55157;insert
172.682832333;W;55158;insert
172.991485549;W;55159;insert
174.119292568;W;55160;insert
174.419983227;W;55161;insert
174.828857116;W;55162;insert
175.933349007;W;55163;insert
176.421107666;W;55164;insert
176.885832695;W;55165;insert
177.971833113;W;55166;insert
178.314393400;W;55167;insert
178.557037983;W;55040;sync_supers
178.573852970;W;55041;insert
178.623534245;R;55105;insert
178.623717351;R;55106;insert
178.623869940;R;55107;insert
178.624053046;W;55042;insert
178.624480295;W;55043;insert
179.351684578;W;55044;insert
179.777800418;R;55108;insert
179.778014041;R;55109;insert
179.778197147;W;55045;insert
180.078582318;R;55110;insert
180.078765423;W;55046;insert
180.079192667;W;55047;insert
180.420868800;R;55111;insert
180.421051906;R;55112;insert
180.421235013;W;55048;insert
180.421662260;W;55049;insert
181.072175777;W;55050;insert
181.523498747;R;55113;insert
181.523681849;R;55114;insert
181.523895468;W;55051;insert
181.824311172;R;55115;insert
181.824494276;R;55116;insert
181.824677380;W;55052;insert
181.825104622;W;55053;insert
182.125000031;R;55117;insert
182.125213653;W;55054;insert
182.125610381;W;55055;insert
183.053039235;W;55056;insert
183.454558572;R;55118;insert
183.454802722;R;55119;insert
183.454985837;R;55120;insert
183.455168951;W;55057;insert
183.730010390;R;55121;insert
183.730193500;R;55122;insert
183.730376609;W;55058;insert
183.730803865;W;55059;insert
184.030822761;R;55123;insert
184.031005866;W;55060;insert
184.031433112;W;55061;insert
184.556640679;R;55124;sync_supers
184.556854303;R;55125;sync_supers
184.557006892;R;55126;sync_supers
184.557189999;W;55062;sync_supers
184.732361086;W;55063;insert
185.291747055;R;55127;insert
185.291960679;W;55064;insert
185.292387926;W;55065;insert
185.600921080;R;55128;insert
185.601104188;R;55129;insert
185.601287295;W;55066;insert
185.860230806;W;55067;insert
185.860688560;W;55068;insert
185.918395162;R;55130;insert
185.918578273;R;55131;insert
185.918761384;W;55069;insert
186.513123266;W;55070;insert
187.085020560;R;55132;insert
187.085234192;R;55133;insert
187.085417305;W;55071;insert
187.085844567;W;55072;insert
187.540742115;R;55134;insert
187.540925214;R;55135;insert
187.541108313;W;55073;insert
187.732693902;W;55074;insert
187.883910930;R;55136;insert
187.884094037;R;55137;insert
187.884277144;W;55075;insert
188.584594014;W;55076;insert
189.377564762;R;55138;insert
189.377747863;R;55139;insert
189.377961481;W;55077;insert
189.378388718;W;55078;insert
189.836761864;R;55140;insert
189.836944966;W;55079;insert
190.045503952;W;55080;insert
190.352119623;R;55141;insert
190.352302716;R;55142;insert
190.352485809;W;55081;insert
