read;0.300000190735
close;1.96999979019
open;10.3300001621
read;0.839999914169
read;0.839999914169
read;0.550000190735
read;0.230000019073
read;0.219999790192
read;0.240000009537
read;0.210000038147
read;0.210000038147
read;0.25
read;0.25
read;0.200000047684
read;0.240000009537
read;0.210000038147
read;0.25
read;0.210000038147
read;0.199999809265
read;0.210000038147
read;0.200000047684
read;0.210000038147
read;0.210000038147
read;0.240000009537
read;0.199999809265
read;0.200000047684
read;0.200000047684
read;0.240000009537
read;0.869999885559
read;0.550000190735
read;0.240000009537
read;0.219999790192
read;0.210000038147
read;0.200000047684
read;0.200000047684
read;0.200000047684
read;0.200000047684
read;0.239999771118
read;0.200000047684
read;0.25
read;0.310000181198
read;0.209999799728
read;0.210000038147
read;0.210000038147
read;0.230000019073
read;0.210000038147
read;0.240000009537
read;0.200000047684
read;0.199999809265
read;0.800000190735
read;0.519999980927
read;0.199999809265
read;0.200000047684
read;0.210000038147
read;0.25
read;0.210000038147
read;0.22000002861
read;0.19000005722
read;0.199999809265
read;0.200000047684
read;0.200000047684
read;0.200000047684
read;0.200000047684
read;0.199999809265
read;0.200000047684
read;0.200000047684
read;0.200000047684
read;0.200000047684
read;0.209999799728
read;0.22000002861
read;0.820000171661
read;0.539999961853
read;0.200000047684
read;0.25
read;0.199999809265
read;0.240000009537
read;0.200000047684
read;0.210000038147
read;0.200000047684
read;0.22000002861
read;0.230000019073
read;0.229999780655
read;0.22000002861
read;0.200000047684
read;0.210000038147
read;0.25
read;0.200000047684
read;0.200000047684
read;0.209999799728
read;0.200000047684
read;0.200000047684
read;0.97000002861
read;0.519999980927
read;0.200000047684
read;0.200000047684
read;0.199999809265
read;0.200000047684
read;0.210000038147
read;0.25
read;0.210000038147
read;0.200000047684
read;0.209999799728
read;0.290000200272
read;0.299999952316
read;0.299999952316
read;0.210000038147
read;0.259999990463
read;0.299999952316
read;0.259999990463
read;0.210000038147
read;0.200000047684
read;0.210000038147
read;0.819999933243
read;0.589999914169
read;0.269999980927
read;0.230000019073
read;0.200000047684
read;0.299999952316
read;0.25
read;0.200000047684
read;0.200000047684
read;0.200000047684
read;0.199999809265
read;0.22000002861
read;0.210000038147
read;0.210000038147
read;0.259999990463
read;0.210000038147
read;0.25
read;0.210000038147
read;0.179999828339
read;0.25
read;0.210000038147
read;0.800000190735
read;0.5
read;0.25
read;0.209999799728
read;0.200000047684
read;0.22000002861
read;0.22000002861
read;0.200000047684
read;0.200000047684
read;0.199999809265
read;0.200000047684
read;0.210000038147
read;0.200000047684
read;0.25
read;0.200000047684
read;0.209999799728
read;0.300000190735
read;0.199999809265
read;0.210000038147
read;0.200000047684
read;0.599999904633
read;0.94000005722
read;0.5
read;0.210000038147
read;0.319999933243
read;0.200000047684
read;0.210000038147
read;0.22000002861
read;0.200000047684
read;0.209999799728
read;0.200000047684
read;0.19000005722
read;0.240000009537
read;0.25
read;0.200000047684
read;0.240000009537
read;0.319999933243
read;0.25
read;0.27999997139
read;0.410000085831
read;0.409999847412
read;0.410000085831
read;0.410000085831
read;1.42999982834
read;0.670000076294
read;0.30999994278
read;0.200000047684
read;0.240000009537
read;0.240000009537
read;0.200000047684
read;0.25
read;0.210000038147
read;0.22000002861
read;0.230000019073
read;0.269999980927
read;0.209999799728
read;0.25
read;0.200000047684
read;0.240000009537
read;0.200000047684
read;0.200000047684
read;0.200000047684
read;0.199999809265
read;0.200000047684
read;0.910000085831
read;0.539999961853
read;0.200000047684
read;0.200000047684
read;0.199999809265
read;0.240000009537
read;0.200000047684
read;0.200000047684
read;0.210000038147
read;0.200000047684
read;0.199999809265
read;0.25
read;0.25
read;0.200000047684
read;0.22000002861
read;0.210000038147
read;0.200000047684
read;0.200000047684
read;0.199999809265
read;0.200000047684
read;0.200000047684
read;0.759999990463
read;0.519999980927
read;0.19000005722
read;0.180000066757
read;0.199999809265
read;0.200000047684
read;0.210000038147
read;0.160000085831
read;0.169999837875
read;0.170000076294
read;0.160000085831
read;0.179999828339
read;0.170000076294
read;0.19000005722
read;0.200000047684
read;0.199999809265
read;0.200000047684
read;0.27999997139
read;0.19000005722
read;0.200000047684
read;0.200000047684
read;0.889999866486
read;0.460000038147
read;0.230000019073
read;0.19000005722
read;0.200000047684
read;0.199999809265
read;0.19000005722
read;0.200000047684
read;0.210000038147
read;0.240000009537
read;0.25
read;0.199999809265
read;0.300000190735
read;0.169999837875
read;0.160000085831
read;0.22000002861
read;0.19000005722
read;0.189999818802
read;0.290000200272
read;0.209999799728
read;0.19000005722
read;0.900000095367
read;0.509999990463
read;0.169999837875
read;0.22000002861
read;0.160000085831
read;0.19000005722
read;0.169999837875
read;0.160000085831
read;0.19000005722
read;0.19000005722
read;0.189999818802
read;0.210000038147
read;0.230000019073
read;0.299999952316
read;0.22000002861
read;0.170000076294
read;0.170000076294
read;0.209999799728
read;0.290000200272
read;0.169999837875
read;0.160000085831
read;0.789999961853
read;0.579999923706
read;0.200000047684
read;0.160000085831
read;0.27999997139
read;0.170000076294
read;0.169999837875
read;0.170000076294
read;0.170000076294
read;0.169999837875
read;0.170000076294
read;0.170000076294
read;0.179999828339
read;0.200000047684
read;0.180000066757
read;0.200000047684
read;0.22000002861
read;0.179999828339
read;0.230000019073
read;0.180000066757
read;0.22000002861
read;0.799999952316
read;0.660000085831
read;0.189999818802
read;0.170000076294
read;0.19000005722
read;0.200000047684
read;0.199999809265
read;0.200000047684
read;0.25
read;0.170000076294
read;0.170000076294
read;0.159999847412
read;0.170000076294
read;0.180000066757
read;0.189999818802
read;0.200000047684
read;0.19000005722
read;0.240000009537
read;0.200000047684
read;0.25
read;0.200000047684
read;0.25
read;0.77999997139
read;0.419999837875
read;0.22000002861
read;0.19000005722
read;0.289999961853
read;0.210000038147
read;0.22000002861
read;0.22000002861
read;0.159999847412
read;0.22000002861
read;0.170000076294
read;0.210000038147
read;0.159999847412
read;0.180000066757
read;0.170000076294
read;0.180000066757
read;0.199999809265
read;0.25
read;0.200000047684
read;0.200000047684
read;0.200000047684
read;0.759999990463
read;0.460000038147
read;0.169999837875
read;0.170000076294
read;0.170000076294
read;0.169999837875
read;0.19000005722
read;0.25
read;0.200000047684
read;0.240000009537
read;0.200000047684
read;0.210000038147
read;0.27999997139
read;0.159999847412
read;0.170000076294
read;0.170000076294
read;0.159999847412
read;0.180000066757
read;0.170000076294
read;0.169999837875
read;0.170000076294
read;0.849999904633
read;0.520000219345
read;0.169999837875
read;0.170000076294
read;0.269999980927
read;0.180000066757
read;0.169999837875
read;0.19000005722
read;0.200000047684
read;0.299999952316
read;0.230000019073
read;0.200000047684
read;0.200000047684
read;0.240000009537
read;0.199999809265
read;0.210000038147
read;0.22000002861
read;0.170000076294
read;0.22000002861
read;0.159999847412
read;0.19000005722
read;0.870000123978
read;0.549999952316
read;0.259999990463
read;0.200000047684
read;0.259999990463
read;0.230000019073
read;0.169999837875
read;0.210000038147
read;0.180000066757
read;0.230000019073
read;0.169999837875
read;0.170000076294
read;0.170000076294
read;0.169999837875
read;0.25
read;0.200000047684
read;0.200000047684
read;0.200000047684
read;0.19000005722
read;0.159999847412
read;0.170000076294
read;0.740000009537
read;0.519999980927
read;0.25
read;0.210000038147
read;0.240000009537
read;0.22000002861
read;0.199999809265
read;0.180000066757
read;0.170000076294
read;0.159999847412
read;0.170000076294
read;0.170000076294
read;0.159999847412
read;0.170000076294
read;0.19000005722
read;0.329999923706
read;0.200000047684
read;0.200000047684
read;0.200000047684
read;0.199999809265
read;0.300000190735
read;0.80999994278
read;0.47000002861
read;0.230000019073
read;0.169999837875
read;0.19000005722
read;0.19000005722
read;0.200000047684
read;0.199999809265
read;0.270000219345
read;0.259999990463
read;0.169999837875
read;0.19000005722
read;0.240000009537
read;0.180000066757
read;0.179999828339
read;0.19000005722
read;0.19000005722
read;0.19000005722
read;0.240000009537
read;0.199999809265
read;0.240000009537
read;0.820000171661
read;0.460000038147
read;0.169999837875
read;0.170000076294
read;0.180000066757
read;0.179999828339
read;0.240000009537
read;0.230000019073
read;0.200000047684
read;0.200000047684
read;0.200000047684
read;0.199999809265
read;0.200000047684
read;0.200000047684
read;0.160000085831
read;0.169999837875
read;0.170000076294
read;0.22000002861
read;0.200000047684
read;0.240000009537
read;0.199999809265
read;0.22000002861
read;0.769999980927
read;0.480000019073
read;0.170000076294
read;0.210000038147
read;0.170000076294
read;0.240000009537
read;0.219999790192
read;0.290000200272
read;0.240000009537
read;0.199999809265
read;0.200000047684
read;0.240000009537
read;0.200000047684
read;0.339999914169
read;0.19000005722
read;0.22000002861
read;0.160000085831
read;0.219999790192
read;0.170000076294
read;0.210000038147
read;0.170000076294
read;0.889999866486
read;0.549999952316
read;0.240000009537
read;0.170000076294
read;0.339999914169
read;0.230000019073
read;0.180000066757
read;0.180000066757
read;0.169999837875
read;0.19000005722
read;0.170000076294
read;0.339999914169
read;0.19000005722
read;0.200000047684
read;0.240000009537
read;0.299999952316
read;0.19000005722
read;0.22000002861
read;0.169999837875
read;0.170000076294
read;0.170000076294
read;0.740000009537
read;0.5
read;0.199999809265
read;0.200000047684
read;0.230000019073
read;0.200000047684
read;0.19000005722
read;0.259999990463
read;0.159999847412
read;0.180000066757
read;0.180000066757
read;0.240000009537
read;0.159999847412
read;0.22000002861
read;0.180000066757
read;0.230000019073
read;0.240000009537
read;0.200000047684
read;0.25
read;0.199999809265
read;0.230000019073
read;0.670000076294
read;0.480000019073
read;0.200000047684
read;0.240000009537
read;0.200000047684
read;0.199999809265
read;0.200000047684
read;0.25
read;0.180000066757
read;0.170000076294
read;0.169999837875
read;0.210000038147
read;0.170000076294
read;0.159999847412
read;0.180000066757
read;0.160000085831
read;0.169999837875
read;0.25
read;0.200000047684
read;0.240000009537
read;0.22000002861
read;0.910000085831
read;0.5
read;0.159999847412
read;0.170000076294
read;0.210000038147
read;0.170000076294
read;0.169999837875
read;0.200000047684
read;0.19000005722
read;0.200000047684
read;0.199999809265
read;0.240000009537
read;0.240000009537
read;0.170000076294
read;0.230000019073
read;0.269999980927
read;0.170000076294
read;0.169999837875
read;0.22000002861
read;0.319999933243
read;0.200000047684
read;0.870000123978
read;0.639999866486
read;0.170000076294
read;0.170000076294
read;0.159999847412
read;0.170000076294
read;0.230000019073
read;0.210000038147
read;0.200000047684
read;0.199999809265
read;0.200000047684
read;0.200000047684
read;0.240000009537
read;0.200000047684
read;0.240000009537
read;0.349999904633
read;0.200000047684
read;0.25
read;0.170000076294
read;0.199999809265
read;0.200000047684
read;0.769999980927
read;0.5
read;0.200000047684
read;0.200000047684
read;0.210000038147
read;0.199999809265
read;0.300000190735
read;0.289999961853
read;0.210000038147
read;0.210000038147
read;0.269999980927
read;0.199999809265
read;0.200000047684
read;0.200000047684
read;0.200000047684
read;0.240000009537
read;0.200000047684
read;0.199999809265
read;0.200000047684
read;0.200000047684
read;0.289999961853
read;0.22000002861
read;0.69000005722
read;0.519999980927
read;0.200000047684
read;0.199999809265
read;0.200000047684
read;0.240000009537
read;0.200000047684
read;0.230000019073
read;0.180000066757
read;0.22000002861
read;0.209999799728
read;0.170000076294
read;0.240000009537
read;0.200000047684
read;0.180000066757
read;0.169999837875
read;0.160000085831
read;0.170000076294
read;0.199999809265
read;0.200000047684
read;0.30999994278
read;0.69000005722
read;0.480000019073
read;0.180000066757
read;0.22000002861
read;0.22000002861
read;0.209999799728
read;0.259999990463
read;0.310000181198
read;0.25
read;0.319999933243
read;0.25
read;0.359999895096
read;0.290000200272
read;0.319999933243
read;0.25
read;0.409999847412
read;0.370000123978
read;0.259999990463
read;0.400000095367
read;0.259999990463
read;0.169999837875
read;0.840000152588
read;0.549999952316
read;0.180000066757
read;0.299999952316
read;0.169999837875
read;0.210000038147
read;0.320000171661
read;0.169999837875
read;0.25
read;0.350000143051
read;0.209999799728
read;0.270000219345
read;0.199999809265
read;0.240000009537
read;0.200000047684
read;0.210000038147
read;0.22000002861
read;0.210000038147
read;0.240000009537
read;0.199999809265
read;0.25
read;0.960000038147
read;0.519999980927
read;0.200000047684
read;0.289999961853
read;0.210000038147
read;0.210000038147
read;0.170000076294
read;0.189999818802
read;0.210000038147
read;0.200000047684
read;0.210000038147
read;0.200000047684
read;0.200000047684
read;0.189999818802
read;0.170000076294
read;0.170000076294
read;0.179999828339
read;0.25
read;0.210000038147
read;0.160000085831
read;0.19000005722
read;0.789999961853
read;0.569999933243
read;0.170000076294
read;0.169999837875
read;0.170000076294
read;0.170000076294
read;0.210000038147
read;0.319999933243
read;0.180000066757
read;0.169999837875
read;0.289999961853
read;0.240000009537
read;0.200000047684
read;0.200000047684
read;0.200000047684
read;0.200000047684
read;0.219999790192
read;0.170000076294
read;0.160000085831
read;0.169999837875
read;0.170000076294
read;0.730000019073
read;0.509999990463
read;0.240000009537
read;0.210000038147
read;0.25
read;0.210000038147
read;0.259999990463
read;0.19000005722
read;0.159999847412
read;0.210000038147
read;0.180000066757
read;0.169999837875
read;0.200000047684
read;0.200000047684
read;0.30999994278
read;0.200000047684
read;0.19000005722
read;0.200000047684
read;0.199999809265
read;0.25
read;0.210000038147
read;0.820000171661
read;0.5
read;0.229999780655
read;0.19000005722
read;0.19000005722
read;0.200000047684
read;0.269999980927
read;0.200000047684
read;0.199999809265
read;0.200000047684
read;0.400000095367
read;0.180000066757
read;0.159999847412
read;0.210000038147
read;0.170000076294
read;0.159999847412
read;0.170000076294
read;0.180000066757
read;0.169999837875
read;0.230000019073
read;0.280000209808
read;0.239999771118
read;0.840000152588
read;0.420000076294
read;0.289999961853
read;0.169999837875
read;0.170000076294
read;0.180000066757
read;0.299999952316
read;0.180000066757
read;0.22000002861
read;0.199999809265
read;0.25
read;0.200000047684
read;0.230000019073
read;0.180000066757
read;0.210000038147
read;0.169999837875
read;0.170000076294
read;0.160000085831
read;0.169999837875
read;0.170000076294
read;0.180000066757
read;0.849999904633
read;0.509999990463
read;0.230000019073
read;0.170000076294
read;0.159999847412
read;0.210000038147
read;0.200000047684
read;0.170000076294
read;0.329999923706
read;0.519999980927
read;0.460000038147
read;0.569999933243
read;0.660000085831
read;0.389999866486
read;0.340000152588
read;0.200000047684
read;0.199999809265
read;0.280000209808
read;0.219999790192
read;0.210000038147
read;0.160000085831
read;0.920000076294
read;0.55999994278
read;0.200000047684
read;0.199999809265
read;0.200000047684
read;0.200000047684
read;0.160000085831
read;0.199999809265
read;0.410000085831
read;0.259999990463
read;0.22000002861
read;0.200000047684
read;0.200000047684
read;0.329999923706
read;0.200000047684
read;0.200000047684
read;0.199999809265
read;0.310000181198
read;0.25
read;0.229999780655
read;0.590000152588
read;1.45000004768
read;1.17999982834
read;0.390000104904
read;0.319999933243
read;0.360000133514
read;0.369999885559
read;0.339999914169
read;0.360000133514
read;0.359999895096
read;0.519999980927
read;0.320000171661
read;0.189999818802
read;0.240000009537
read;0.200000047684
read;0.200000047684
read;0.200000047684
read;0.240000009537
read;0.200000047684
read;0.240000009537
read;0.169999837875
read;0.430000066757
read;1.09999990463
read;0.490000009537
read;0.180000066757
read;0.200000047684
read;0.19000005722
read;0.189999818802
read;0.200000047684
read;0.200000047684
read;0.170000076294
read;0.159999847412
read;0.170000076294
read;0.519999980927
read;0.30999994278
read;0.400000095367
read;0.339999914169
read;0.200000047684
read;0.400000095367
read;0.369999885559
read;0.410000085831
read;0.379999876022
read;0.390000104904
read;1.01999998093
read;0.44000005722
read;0.169999837875
read;0.259999990463
read;0.180000066757
read;0.180000066757
read;0.180000066757
read;0.199999809265
read;0.300000190735
read;0.219999790192
read;0.240000009537
read;0.200000047684
read;0.200000047684
read;0.210000038147
read;0.19000005722
read;0.159999847412
read;0.170000076294
read;0.200000047684
read;0.169999837875
read;0.19000005722
read;0.19000005722
read;0.789999961853
read;0.5
read;0.200000047684
read;0.240000009537
read;0.170000076294
read;0.229999780655
read;0.160000085831
read;0.259999990463
read;0.27999997139
read;0.299999952316
read;0.19000005722
read;0.19000005722
read;0.25
read;0.200000047684
read;0.210000038147
read;0.199999809265
read;0.200000047684
read;0.200000047684
read;0.170000076294
read;0.240000009537
read;0.169999837875
read;0.170000076294
read;0.799999952316
read;0.539999961853
read;0.200000047684
read;0.200000047684
read;0.200000047684
read;0.22000002861
read;0.159999847412
read;0.200000047684
read;0.170000076294
read;0.169999837875
read;0.170000076294
read;0.200000047684
read;0.200000047684
read;0.339999914169
read;0.19000005722
read;0.27999997139
read;0.200000047684
read;0.389999866486
read;0.230000019073
read;0.25
read;0.160000085831
read;0.869999885559
read;0.450000047684
read;0.370000123978
read;0.230000019073
read;0.209999799728
read;0.230000019073
read;0.230000019073
read;0.200000047684
read;0.160000085831
read;0.210000038147
read;0.209999799728
read;0.210000038147
read;0.180000066757
read;0.210000038147
read;0.259999990463
read;0.230000019073
read;0.210000038147
read;0.259999990463
read;0.269999980927
read;0.169999837875
read;0.210000038147
read;0.840000152588
read;0.629999876022
read;0.210000038147
read;0.200000047684
read;0.179999828339
read;0.22000002861
read;0.170000076294
read;0.269999980927
read;0.180000066757
read;0.200000047684
read;0.25
read;0.199999809265
read;0.240000009537
read;0.240000009537
read;0.200000047684
read;0.200000047684
read;0.25
read;0.19000005722
read;0.169999837875
read;0.259999990463
read;0.350000143051
read;0.889999866486
read;0.5
read;0.200000047684
read;0.200000047684
read;0.180000066757
read;0.159999847412
read;0.22000002861
read;0.180000066757
read;0.160000085831
read;0.169999837875
read;0.180000066757
read;0.19000005722
read;0.22000002861
read;0.349999904633
read;0.230000019073
read;0.200000047684
read;0.269999980927
read;0.230000019073
read;0.169999837875
read;0.180000066757
read;0.200000047684
read;1.46000003815
read;0.599999904633
read;0.200000047684
read;0.200000047684
read;0.25
read;0.179999828339
read;0.210000038147
read;0.180000066757
read;0.269999980927
read;0.160000085831
read;0.169999837875
read;0.170000076294
read;0.170000076294
read;0.200000047684
read;0.179999828339
read;0.180000066757
read;0.25
read;0.700000047684
read;0.180000066757
read;0.169999837875
read;0.170000076294
read;0.759999990463
read;0.680000066757
read;0.30999994278
read;0.319999933243
read;0.25
read;0.25
read;0.210000038147
read;0.299999952316
read;0.390000104904
read;0.19000005722
read;0.229999780655
read;0.590000152588
read;0.369999885559
read;0.27999997139
read;0.290000200272
read;0.25
read;0.189999818802
read;0.300000190735
read;0.240000009537
read;0.199999809265
read;0.430000066757
read;0.730000019073
read;0.509999990463
read;0.259999990463
read;0.200000047684
read;0.200000047684
read;0.339999914169
read;0.22000002861
read;0.200000047684
read;0.189999818802
read;0.170000076294
read;0.160000085831
read;0.169999837875
read;0.180000066757
read;0.160000085831
read;0.25
read;0.200000047684
read;0.259999990463
read;0.199999809265
read;0.200000047684
read;0.269999980927
read;0.160000085831
read;0.22000002861
read;0.69000005722
read;0.419999837875
read;0.19000005722
read;0.22000002861
read;0.430000066757
read;0.199999809265
read;0.180000066757
read;0.210000038147
read;0.170000076294
read;0.319999933243
read;0.25
read;0.329999923706
read;0.210000038147
read;0.400000095367
read;0.30999994278
read;0.269999980927
read;0.359999895096
read;0.290000200272
read;0.369999885559
read;0.350000143051
read;0.259999990463
read;1.29999995232
read;0.419999837875
read;0.170000076294
read;0.180000066757
read;0.210000038147
read;0.240000009537
read;0.199999809265
read;0.200000047684
read;0.320000171661
read;0.199999809265
read;0.25
read;0.22000002861
read;0.19000005722
read;0.170000076294
read;0.199999809265
read;0.200000047684
read;0.200000047684
read;0.200000047684
read;0.629999876022
read;0.19000005722
read;0.210000038147
read;0.740000009537
read;0.420000076294
read;0.179999828339
read;0.200000047684
read;0.240000009537
read;0.200000047684
read;0.200000047684
read;0.210000038147
read;0.199999809265
read;0.210000038147
read;0.19000005722
read;0.19000005722
read;0.169999837875
read;0.170000076294
read;0.170000076294
read;0.210000038147
read;0.159999847412
read;0.610000133514
read;0.169999837875
read;0.180000066757
read;0.19000005722
read;0.799999952316
read;0.430000066757
read;0.169999837875
read;0.160000085831
read;0.180000066757
read;0.169999837875
read;0.180000066757
read;0.180000066757
read;0.180000066757
read;0.169999837875
read;0.230000019073
read;0.200000047684
read;0.200000047684
read;0.210000038147
read;0.240000009537
read;0.159999847412
read;0.490000009537
read;0.25
read;0.170000076294
read;0.230000019073
read;0.169999837875
read;0.910000085831
read;0.569999933243
read;0.25
read;0.200000047684
read;0.240000009537
read;0.160000085831
read;0.22000002861
read;0.169999837875
read;0.22000002861
read;0.180000066757
read;0.170000076294
read;0.169999837875
read;0.19000005722
read;0.25
read;0.22000002861
read;0.200000047684
read;0.200000047684
read;0.199999809265
read;0.200000047684
read;0.25
read;0.19000005722
read;0.710000038147
read;0.47000002861
read;0.199999809265
read;0.200000047684
read;0.200000047684
read;0.200000047684
read;0.200000047684
read;0.199999809265
read;0.330000162125
read;0.259999990463
read;0.159999847412
read;0.170000076294
read;0.170000076294
read;0.680000066757
read;0.199999809265
read;0.19000005722
read;0.210000038147
read;0.200000047684
read;0.200000047684
read;0.199999809265
read;0.200000047684
read;0.829999923706
read;0.410000085831
read;0.170000076294
read;0.200000047684
read;0.169999837875
read;0.19000005722
read;0.200000047684
read;0.200000047684
read;0.230000019073
read;0.199999809265
read;0.259999990463
read;0.210000038147
read;0.180000066757
read;0.170000076294
read;0.159999847412
read;0.210000038147
read;0.170000076294
read;0.169999837875
read;0.19000005722
read;0.19000005722
read;0.180000066757
read;0.179999828339
read;0.870000123978
read;0.549999952316
read;0.170000076294
read;0.22000002861
read;0.22000002861
read;0.169999837875
read;0.22000002861
read;0.19000005722
read;0.230000019073
read;0.230000019073
read;0.189999818802
read;0.19000005722
read;0.200000047684
read;0.200000047684
read;0.240000009537
read;0.179999828339
read;0.210000038147
read;0.180000066757
read;0.19000005722
read;0.169999837875
read;0.160000085831
read;0.880000114441
read;0.579999923706
read;0.240000009537
read;0.240000009537
read;0.200000047684
read;0.179999828339
read;0.170000076294
read;0.420000076294
read;0.700000047684
read;0.509999990463
read;0.240000009537
read;0.179999828339
read;0.170000076294
read;0.170000076294
read;0.179999828339
read;0.170000076294
read;0.19000005722
read;0.210000038147
read;0.189999818802
read;0.460000038147
read;0.450000047684
read;1.65000009537
read;1.0
read;0.25
read;0.269999980927
read;0.30999994278
read;0.259999990463
read;0.230000019073
read;0.289999961853
read;0.30999994278
read;0.47000002861
read;0.259999990463
read;0.340000152588
read;0.25
read;0.449999809265
read;0.310000181198
read;0.349999904633
read;0.329999923706
read;0.27999997139
read;0.300000190735
read;0.329999923706
read;0.319999933243
read;1.34000015259
read;0.80999994278
read;0.269999980927
read;0.329999923706
read;0.420000076294
read;0.379999876022
read;0.330000162125
read;0.30999994278
read;0.299999952316
read;0.27999997139
read;0.25
read;0.340000152588
read;0.319999933243
read;0.390000104904
read;0.229999780655
read;0.290000200272
read;0.259999990463
read;0.22000002861
read;0.399999856949
read;0.5
read;0.30999994278
read;1.43000006676
read;0.880000114441
read;0.259999990463
read;0.27999997139
read;0.349999904633
read;0.44000005722
read;0.339999914169
read;0.370000123978
read;0.240000009537
read;0.259999990463
read;0.299999952316
read;0.289999961853
read;0.380000114441
read;0.319999933243
read;0.430000066757
read;0.30999994278
read;0.240000009537
read;0.289999961853
read;0.30999994278
read;0.310000181198
read;0.329999923706
read;1.25
read;0.77999997139
read;0.27999997139
read;0.269999980927
read;0.299999952316
read;0.450000047684
read;0.460000038147
read;0.289999961853
read;0.329999923706
read;0.44000005722
read;0.299999952316
read;0.390000104904
read;0.640000104904
read;0.349999904633
read;0.369999885559
read;0.380000114441
read;0.329999923706
read;0.320000171661
read;0.359999895096
read;0.349999904633
read;0.490000009537
read;1.94000005722
read;1.03999996185
read;0.200000047684
read;0.259999990463
read;0.390000104904
read;0.460000038147
read;0.409999847412
read;0.569999933243
read;0.810000181198
read;1.14999985695
read;1.09000015259
read;0.740000009537
read;0.669999837875
read;0.910000085831
read;0.69000005722
read;0.579999923706
read;0.680000066757
read;0.799999952316
read;0.670000076294
read;0.699999809265
read;0.540000200272
read;0.629999876022
read;1.62000012398
read;1.02999997139
read;0.55999994278
read;0.69000005722
read;0.659999847412
read;0.640000104904
read;0.420000076294
read;0.589999914169
read;0.579999923706
read;0.360000133514
read;0.399999856949
read;0.390000104904
read;0.879999876022
read;0.700000047684
read;0.430000066757
read;0.47000002861
read;1.80999994278
read;0.359999895096
read;0.600000143051
read;0.759999990463
read;0.480000019073
read;1.99000000954
read;1.09999990463
read;0.430000066757
read;0.299999952316
read;0.30999994278
read;0.230000019073
read;0.25
read;0.240000009537
read;0.200000047684
read;0.200000047684
read;0.210000038147
read;0.169999837875
read;0.320000171661
read;0.349999904633
read;1.80999994278
read;0.52999997139
read;0.620000123978
read;0.609999895096
read;0.820000171661
read;0.619999885559
read;0.700000047684
read;1.65999984741
read;1.38000011444
read;0.420000076294
read;0.30999994278
read;0.400000095367
read;0.469999790192
read;0.450000047684
read;0.400000095367
read;0.5
read;0.549999952316
read;0.599999904633
read;0.340000152588
read;0.389999866486
read;0.5
read;0.360000133514
read;0.409999847412
read;0.320000171661
read;0.339999914169
read;0.460000038147
read;0.359999895096
read;0.330000162125
read;1.5
read;0.899999856949
read;0.30999994278
read;0.390000104904
read;0.329999923706
read;0.330000162125
read;0.460000038147
read;1.66999983788
read;0.240000009537
read;0.579999923706
read;0.47000002861
read;0.380000114441
read;0.44000005722
read;0.55999994278
read;0.349999904633
read;0.97000002861
read;0.380000114441
read;0.349999904633
read;0.240000009537
read;0.210000038147
read;0.319999933243
read;0.900000095367
read;0.879999876022
read;0.360000133514
read;0.299999952316
read;0.22000002861
read;0.27999997139
read;0.22000002861
read;0.44000005722
read;0.25
read;0.229999780655
read;0.280000209808
read;0.25
read;0.459999799728
read;0.430000066757
read;0.569999933243
read;0.360000133514
read;0.389999866486
read;0.530000209808
read;0.659999847412
read;0.360000133514
read;0.889999866486
read;2.46000003815
read;1.1099998951
read;1.6400001049
read;2.5
read;0.319999933243
read;0.490000009537
read;0.370000123978
read;0.319999933243
read;0.579999923706
read;0.430000066757
read;0.460000038147
read;0.619999885559
read;1.25
read;0.47000002861
read;1.01999998093
read;0.830000162125
read;0.839999914169
read;0.769999980927
read;0.600000143051
read;0.789999961853
read;1.04999995232
read;2.71000003815
read;1.91999983788
read;0.860000133514
read;0.839999914169
read;0.590000152588
read;0.649999856949
read;0.69000005722
read;0.539999961853
read;0.339999914169
read;0.800000190735
read;0.55999994278
read;0.549999952316
read;0.380000114441
read;0.189999818802
read;0.27999997139
read;0.280000209808
read;0.359999895096
read;0.299999952316
read;0.289999961853
read;0.430000066757
read;0.299999952316
read;0.310000181198
read;1.70999979973
read;0.880000114441
read;0.420000076294
read;0.539999961853
read;0.429999828339
read;0.330000162125
read;0.47000002861
read;0.269999980927
read;0.299999952316
read;0.210000038147
read;0.30999994278
read;0.75
read;0.27999997139
read;0.240000009537
read;0.240000009537
read;0.230000019073
read;0.329999923706
read;0.25
read;0.269999980927
read;0.290000200272
read;0.30999994278
read;1.15999984741
read;0.920000076294
read;0.52999997139
read;0.289999961853
read;0.25
read;0.450000047684
read;0.370000123978
read;0.359999895096
read;0.27999997139
read;0.25
read;0.370000123978
read;0.329999923706
read;0.609999895096
read;0.710000038147
read;0.650000095367
read;0.480000019073
read;0.740000009537
read;0.52999997139
read;0.269999980927
read;0.400000095367
read;0.689999818802
read;1.3100001812
read;1.24000000954
read;0.52999997139
read;0.599999904633
read;0.490000009537
read;0.359999895096
read;0.520000219345
read;0.589999914169
read;0.230000019073
read;0.259999990463
read;0.19000005722
read;0.169999837875
read;0.519999980927
read;0.300000190735
read;0.179999828339
read;0.200000047684
read;0.370000123978
read;0.339999914169
read;0.369999885559
read;0.300000190735
read;0.269999980927
read;1.12999987602
read;0.47000002861
read;0.22000002861
read;0.170000076294
read;0.179999828339
read;0.410000085831
read;0.30999994278
read;0.210000038147
read;0.400000095367
read;0.509999990463
read;0.399999856949
read;0.350000143051
read;0.579999923706
read;0.360000133514
read;0.299999952316
read;0.289999961853
read;0.27999997139
read;0.490000009537
read;0.339999914169
read;0.289999961853
read;0.340000152588
read;1.64999985695
read;1.04000020027
read;0.359999895096
read;0.329999923706
read;0.330000162125
read;0.439999818802
read;0.450000047684
read;0.509999990463
read;0.370000123978
read;0.450000047684
read;0.399999856949
read;0.350000143051
read;0.25
read;0.199999809265
read;0.160000085831
read;0.329999923706
read;0.370000123978
read;0.44000005722
read;0.30999994278
read;0.369999885559
read;0.47000002861
read;1.91000008583
read;1.05999994278
read;0.410000085831
read;0.439999818802
read;0.340000152588
read;0.52999997139
read;0.420000076294
read;0.409999847412
read;0.509999990463
read;0.519999980927
read;0.5
read;0.390000104904
read;0.430000066757
read;0.569999933243
read;0.519999980927
read;0.55999994278
read;0.340000152588
read;0.30999994278
read;0.339999914169
read;0.870000123978
read;0.399999856949
read;1.87000012398
read;0.990000009537
read;0.460000038147
read;0.329999923706
read;0.47000002861
read;0.429999828339
read;0.47000002861
read;0.430000066757
read;0.390000104904
read;0.419999837875
read;0.44000005722
read;0.410000085831
read;0.299999952316
read;0.299999952316
read;0.299999952316
read;0.330000162125
read;0.319999933243
read;0.359999895096
read;0.44000005722
read;0.350000143051
read;0.429999828339
read;0.390000104904
read;1.66999983788
read;0.960000038147
read;0.390000104904
read;0.44000005722
read;0.399999856949
read;0.370000123978
read;0.359999895096
read;0.390000104904
read;0.389999866486
read;0.390000104904
read;0.379999876022
read;0.330000162125
read;0.369999885559
read;0.380000114441
read;0.409999847412
read;0.330000162125
read;0.359999895096
read;0.400000095367
read;0.349999904633
read;0.370000123978
read;0.389999866486
read;1.5
read;1.0
read;0.27999997139
read;0.240000009537
read;0.22000002861
read;0.420000076294
read;0.329999923706
read;0.610000133514
read;0.979999780655
read;0.390000104904
read;0.180000066757
read;0.159999847412
read;0.180000066757
read;0.170000076294
read;0.30999994278
read;0.200000047684
read;0.180000066757
read;0.229999780655
read;0.19000005722
read;0.200000047684
read;0.200000047684
read;0.789999961853
read;0.47000002861
read;0.170000076294
read;0.179999828339
read;0.19000005722
read;0.200000047684
read;0.180000066757
read;0.25
read;0.199999809265
read;0.350000143051
read;0.200000047684
read;0.229999780655
read;0.170000076294
read;0.170000076294
read;0.169999837875
read;0.170000076294
read;0.160000085831
read;0.230000019073
read;0.25
read;0.319999933243
read;0.19000005722
read;1.29999995232
read;0.430000066757
read;0.169999837875
read;0.19000005722
read;0.299999952316
read;0.200000047684
read;0.240000009537
read;0.210000038147
read;0.19000005722
read;0.25
read;0.240000009537
read;0.169999837875
read;0.160000085831
read;0.170000076294
read;0.169999837875
read;0.19000005722
read;0.22000002861
read;0.170000076294
read;0.25
read;0.230000019073
read;0.199999809265
read;0.900000095367
read;0.420000076294
read;0.27999997139
read;0.169999837875
read;0.170000076294
read;0.160000085831
read;0.179999828339
read;0.170000076294
read;0.160000085831
read;0.169999837875
read;0.170000076294
read;0.200000047684
read;0.200000047684
read;0.230000019073
read;0.159999847412
read;0.170000076294
read;0.170000076294
read;0.169999837875
read;0.160000085831
read;0.170000076294
read;0.189999818802
read;0.850000143051
read;0.490000009537
read;0.200000047684
read;0.199999809265
read;0.180000066757
read;0.160000085831
read;0.169999837875
read;0.210000038147
read;0.230000019073
read;0.170000076294
read;0.230000019073
read;0.19000005722
read;0.189999818802
read;0.19000005722
read;0.19000005722
read;0.210000038147
read;0.25
read;0.199999809265
read;0.200000047684
read;0.200000047684
read;0.160000085831
read;0.77999997139
read;0.44000005722
read;0.219999790192
read;0.200000047684
read;0.25
read;0.240000009537
read;0.200000047684
read;0.240000009537
read;0.170000076294
read;0.230000019073
read;0.269999980927
read;0.169999837875
read;0.160000085831
read;0.22000002861
read;0.200000047684
read;0.199999809265
read;0.200000047684
read;0.299999952316
read;0.330000162125
read;0.210000038147
read;0.199999809265
read;0.22000002861
read;0.72000002861
read;0.420000076294
read;0.230000019073
read;0.169999837875
read;0.240000009537
read;0.200000047684
read;0.240000009537
read;0.200000047684
read;0.25
read;0.19000005722
read;0.169999837875
read;0.22000002861
read;0.160000085831
read;0.259999990463
read;0.160000085831
read;0.169999837875
read;0.170000076294
read;0.420000076294
read;0.449999809265
read;0.400000095367
read;0.30999994278
read;1.0
read;1.03999996185
read;0.460000038147
read;0.320000171661
read;0.609999895096
read;0.460000038147
read;0.460000038147
read;0.25
read;0.200000047684
read;0.339999914169
read;0.339999914169
read;0.410000085831
read;0.170000076294
read;0.209999799728
read;0.170000076294
read;0.170000076294
read;0.179999828339
read;0.240000009537
read;0.240000009537
read;0.240000009537
read;0.240000009537
read;1.32000017166
read;0.509999990463
read;0.289999961853
read;0.480000019073
read;0.259999990463
read;0.240000009537
read;0.169999837875
read;0.160000085831
read;0.170000076294
read;0.200000047684
read;0.199999809265
read;0.200000047684
read;0.210000038147
read;0.200000047684
read;0.159999847412
read;0.170000076294
read;0.170000076294
read;0.210000038147
read;0.199999809265
read;0.280000209808
read;0.169999837875
read;1.0
read;0.490000009537
read;0.19000005722
read;0.170000076294
read;0.159999847412
read;0.170000076294
read;0.170000076294
read;0.159999847412
read;0.170000076294
read;0.19000005722
read;0.230000019073
read;0.189999818802
read;0.180000066757
read;0.19000005722
read;0.200000047684
read;0.199999809265
read;0.200000047684
read;0.19000005722
read;0.170000076294
read;0.169999837875
read;0.170000076294
read;0.69000005722
read;0.519999980927
read;0.19000005722
read;0.299999952316
read;0.230000019073
read;0.210000038147
read;0.240000009537
read;0.159999847412
read;0.22000002861
read;0.180000066757
read;0.159999847412
read;0.19000005722
read;0.200000047684
read;0.200000047684
read;0.200000047684
read;0.199999809265
read;0.200000047684
read;0.200000047684
read;0.200000047684
read;0.240000009537
read;0.19000005722
read;0.729999780655
read;0.480000019073
read;0.19000005722
read;0.19000005722
read;0.25
read;0.200000047684
read;0.240000009537
read;0.240000009537
read;0.199999809265
read;0.25
read;0.160000085831
read;0.22000002861
read;0.170000076294
read;0.409999847412
read;0.370000123978
read;0.450000047684
read;0.199999809265
read;0.330000162125
read;0.30999994278
read;0.339999914169
read;0.350000143051
read;1.20999979973
read;0.760000228882
read;0.229999780655
read;0.400000095367
read;0.329999923706
read;0.460000038147
read;0.539999961853
read;0.269999980927
read;0.280000209808
read;0.5
read;0.269999980927
read;0.419999837875
read;0.380000114441
read;0.27999997139
read;0.319999933243
read;0.330000162125
read;0.469999790192
read;0.310000181198
read;0.30999994278
read;0.359999895096
read;0.370000123978
read;0.379999876022
read;1.55000019073
read;0.879999876022
read;0.339999914169
read;0.400000095367
read;0.450000047684
read;0.319999933243
read;0.44000005722
read;0.369999885559
read;0.269999980927
read;0.310000181198
read;0.359999895096
read;0.319999933243
read;0.280000209808
read;0.27999997139
read;0.230000019073
read;0.199999809265
read;0.259999990463
read;0.390000104904
read;0.329999923706
read;0.25
read;0.340000152588
read;1.53999996185
read;1.30999994278
read;0.410000085831
read;0.439999818802
read;0.44000005722
read;0.410000085831
read;0.480000019073
read;0.549999952316
read;0.450000047684
read;0.409999847412
read;0.460000038147
read;0.410000085831
read;0.30999994278
read;0.410000085831
read;0.319999933243
read;0.269999980927
read;0.350000143051
read;0.289999961853
read;0.369999885559
read;0.55999994278
read;0.300000190735
read;1.12999987602
read;0.870000123978
read;0.289999961853
read;0.379999876022
read;0.360000133514
read;0.169999837875
read;0.170000076294
read;0.160000085831
read;0.179999828339
read;0.200000047684
read;0.19000005722
read;0.19000005722
read;0.240000009537
read;0.189999818802
read;0.200000047684
read;0.22000002861
read;0.289999961853
read;0.230000019073
read;0.160000085831
read;0.170000076294
read;0.179999828339
read;0.759999990463
read;0.52999997139
read;0.240000009537
read;0.200000047684
read;0.180000066757
read;0.170000076294
read;0.169999837875
read;0.170000076294
read;0.170000076294
read;0.169999837875
read;0.180000066757
read;0.170000076294
read;0.200000047684
read;0.189999818802
read;0.200000047684
read;0.200000047684
read;0.399999856949
read;0.200000047684
read;0.200000047684
read;0.25
read;0.349999904633
read;0.710000038147
read;0.47000002861
read;0.230000019073
read;0.19000005722
read;0.25
read;0.200000047684
read;0.240000009537
read;0.159999847412
read;0.170000076294
read;0.170000076294
read;0.22000002861
read;0.159999847412
read;0.170000076294
read;0.22000002861
read;0.240000009537
read;0.169999837875
read;0.160000085831
read;0.180000066757
read;0.169999837875
read;0.200000047684
read;0.240000009537
read;0.769999980927
read;0.47000002861
read;0.180000066757
read;0.22000002861
read;0.200000047684
read;0.239999771118
read;0.200000047684
read;0.200000047684
read;0.200000047684
read;0.200000047684
read;0.319999933243
read;0.379999876022
read;0.520000219345
read;0.429999828339
read;0.380000114441
read;0.389999866486
read;0.380000114441
read;0.210000038147
read;0.179999828339
read;0.160000085831
read;0.180000066757
read;0.819999933243
read;0.490000009537
read;0.200000047684
read;0.200000047684
read;0.199999809265
read;0.210000038147
read;0.200000047684
read;0.200000047684
read;0.170000076294
read;0.169999837875
read;0.170000076294
read;0.210000038147
read;0.169999837875
read;0.170000076294
read;0.22000002861
read;0.19000005722
read;0.240000009537
read;0.25
read;0.200000047684
read;0.199999809265
read;0.200000047684
read;0.170000076294
read;0.680000066757
read;0.409999847412
read;0.170000076294
read;0.180000066757
read;0.169999837875
read;0.180000066757
read;0.230000019073
read;0.299999952316
read;0.200000047684
read;0.210000038147
read;0.159999847412
read;0.240000009537
read;0.230000019073
read;0.170000076294
read;0.160000085831
read;0.169999837875
read;0.19000005722
read;0.200000047684
read;0.19000005722
read;0.189999818802
read;0.180000066757
close;1.73000001907
open;9.58999991417
read;0.600000143051
read;1.08999991417
read;1.04999995232
read;1.08000016212
read;1.02999997139
read;1.09999990463
read;1.08999991417
read;1.04000020027
read;1.13999986649
read;1.03999996185
read;1.1400001049
read;1.24000000954
read;1.13999986649
read;1.1400001049
read;1.07999992371
read;0.980000019073
read;1.13000011444
read;1.05999994278
read;1.01999998093
read;1.21000003815
read;0.980000019073
read;1.09999990463
read;1.17000007629
read;0.980000019073
read;1.14999985695
read;1.0600001812
read;1.09999990463
read;1.12000012398
read;1.04999995232
read;1.17999982834
read;1.18000006676
read;1.01999998093
read;1.25
read;1.07000017166
read;1.0
read;1.16999983788
read;0.97000002861
read;1.10000014305
read;1.0
read;1.0
read;1.07999992371
read;1.03999996185
read;1.18000006676
read;1.11999988556
read;1.04999995232
read;1.12000012398
read;1.37999987602
read;1.13000011444
read;1.13999986649
read;1.0
read;1.08000016212
read;1.02999997139
read;1.17000007629
read;1.15999984741
read;0.960000038147
read;1.16000008583
read;1.17999982834
read;0.960000038147
read;1.0600001812
read;1.05999994278
read;1.09999990463
read;1.06999993324
read;0.97000002861
read;1.19000005722
read;1.73000001907
read;1.48000001907
read;1.52999997139
read;1.07999992371
read;1.00999999046
read;1.3100001812
read;1.1099998951
read;1.00999999046
read;1.11000013351
read;1.3599998951
read;1.15000009537
read;1.11999988556
read;1.09999990463
read;1.10000014305
read;1.01999998093
read;1.11999988556
read;1.02000021935
read;0.969999790192
read;1.18000006676
read;0.950000047684
read;0.94000005722
read;1.09999990463
read;0.980000019073
read;1.02999997139
read;1.04999995232
read;0.97000002861
read;1.11000013351
read;1.17999982834
read;1.0
read;1.11000013351
read;1.14999985695
read;0.960000038147
read;1.32000017166
read;1.01999998093
read;1.05999994278
read;1.06999993324
close;1.17000007629
