802.556641331;R;53108;sync_supers
802.556824434;R;53109;sync_supers
802.557038055;W;52839;sync_supers
803.415252650;R;52836;insert
803.415527312;R;52817;insert
803.415740940;R;52818;insert
803.415954569;R;52890;insert
803.416137680;R;52891;insert
803.416320791;R;52892;insert
803.416595458;R;52927;insert
803.417083754;R;52800;insert
803.417297383;R;52804;insert
803.417480494;R;52805;insert
803.417724642;R;52828;insert
803.417907753;R;52829;insert
803.874603198;R;52836;insert
803.874816823;R;52837;insert
803.983154967;R;52831;insert
803.983399100;R;52837;insert
803.983582200;R;52838;insert
804.133943703;W;52840;insert
805.279570803;R;53111;insert
805.279784430;R;53112;insert
805.279967539;W;52841;insert
805.280394793;W;52842;insert
805.588531906;R;53113;insert
805.588715010;R;53114;insert
805.588898113;W;52843;insert
805.739349058;W;52844;insert
805.847594545;W;52845;insert
805.897675821;R;53115;insert
805.897858922;R;53116;insert
805.898011506;W;52846;insert
806.532257423;W;52847;insert
807.291930183;R;53118;insert
807.292143806;R;53119;insert
807.292326912;W;52848;insert
807.592773580;R;52992;insert
807.592956684;R;52993;insert
807.593719621;W;52849;insert
807.594177383;W;52850;insert
807.743438843;W;52851;insert
807.744232303;E;829;jffs2_gcd_mtd5
807.744812140;R;53056;jffs2_gcd_mtd5
807.745025764;R;53057;jffs2_gcd_mtd5
807.745208870;R;53058;jffs2_gcd_mtd5
807.745391976;R;53059;jffs2_gcd_mtd5
807.745575083;R;53060;jffs2_gcd_mtd5
807.745758189;R;53061;jffs2_gcd_mtd5
807.745941296;R;53062;jffs2_gcd_mtd5
807.746124402;R;53063;jffs2_gcd_mtd5
807.746307508;R;53064;jffs2_gcd_mtd5
807.746490615;R;53065;jffs2_gcd_mtd5
807.746673721;R;53066;jffs2_gcd_mtd5
807.746856827;R;53067;jffs2_gcd_mtd5
807.747070451;R;53068;jffs2_gcd_mtd5
807.747223040;R;53069;jffs2_gcd_mtd5
807.747436664;R;53070;jffs2_gcd_mtd5
807.747589253;R;53071;jffs2_gcd_mtd5
807.747802877;R;53072;jffs2_gcd_mtd5
807.747955465;R;53073;jffs2_gcd_mtd5
807.748169090;R;53074;jffs2_gcd_mtd5
807.748321678;R;53075;jffs2_gcd_mtd5
807.748535302;R;53076;jffs2_gcd_mtd5
807.748718409;R;53077;jffs2_gcd_mtd5
807.748901515;R;53078;jffs2_gcd_mtd5
807.749084621;R;53079;jffs2_gcd_mtd5
807.749267728;R;53080;jffs2_gcd_mtd5
807.749450834;R;53081;jffs2_gcd_mtd5
807.749633940;R;53082;jffs2_gcd_mtd5
807.749817047;R;53083;jffs2_gcd_mtd5
807.750000153;R;53084;jffs2_gcd_mtd5
807.750183260;R;53085;jffs2_gcd_mtd5
807.750366366;R;53086;jffs2_gcd_mtd5
807.750549472;R;53087;jffs2_gcd_mtd5
807.750732579;R;53088;jffs2_gcd_mtd5
807.750915685;R;53089;jffs2_gcd_mtd5
807.751098791;R;53090;jffs2_gcd_mtd5
807.751281898;R;53091;jffs2_gcd_mtd5
807.751465004;R;53092;jffs2_gcd_mtd5
807.751709146;R;53093;jffs2_gcd_mtd5
807.752105875;R;53094;jffs2_gcd_mtd5
807.752288981;R;53095;jffs2_gcd_mtd5
807.752472086;R;53096;jffs2_gcd_mtd5
807.752655192;R;53097;jffs2_gcd_mtd5
807.752838297;R;53098;jffs2_gcd_mtd5
807.753021403;R;53099;jffs2_gcd_mtd5
807.753235026;R;53100;jffs2_gcd_mtd5
807.753387614;R;53101;jffs2_gcd_mtd5
807.753601237;R;53102;jffs2_gcd_mtd5
807.753753825;R;53103;jffs2_gcd_mtd5
807.753967449;R;53104;jffs2_gcd_mtd5
807.754120037;R;53105;jffs2_gcd_mtd5
807.754669353;R;53106;jffs2_gcd_mtd5
807.754882977;R;53107;jffs2_gcd_mtd5
807.755066082;R;53108;jffs2_gcd_mtd5
807.755249188;R;53109;jffs2_gcd_mtd5
807.755432294;R;53110;jffs2_gcd_mtd5
807.755615399;R;53111;jffs2_gcd_mtd5
807.755798505;R;53112;jffs2_gcd_mtd5
807.755981610;R;53113;jffs2_gcd_mtd5
807.756164716;R;53114;jffs2_gcd_mtd5
807.756347822;R;53115;jffs2_gcd_mtd5
807.756530927;R;53116;jffs2_gcd_mtd5
807.756714033;R;53117;jffs2_gcd_mtd5
807.756897138;R;53118;jffs2_gcd_mtd5
807.757080244;R;53119;jffs2_gcd_mtd5
807.851989884;W;52852;insert
807.901733620;R;52994;insert
807.901947243;R;52995;insert
807.902099830;W;52853;insert
807.902527075;W;52854;insert
808.556579333;R;52996;sync_supers
808.556762444;W;52855;sync_supers
808.557159186;W;52856;sync_supers
809.045897741;R;52998;insert
809.046080853;R;52999;insert
809.046263966;R;53000;insert
809.046447078;W;52857;insert
809.388244807;R;53001;insert
809.388458430;R;53002;insert
809.388611018;W;52858;insert
809.388977229;W;52859;insert
809.539031984;W;52860;insert
809.648864895;W;52861;insert
809.748871584;R;53003;insert
809.749054685;W;52862;insert
810.491913076;W;52863;insert
810.943055570;R;53005;insert
810.943238671;R;53006;insert
810.943421772;W;52736;insert
811.285400468;R;53007;insert
811.285583569;R;53008;insert
811.285766670;W;52737;insert
811.286132872;W;52738;insert
811.477937041;W;52739;insert
811.628569806;R;53009;insert
811.628783435;R;53010;insert
811.628966546;W;52740;insert
811.629393805;W;52741;insert
812.838835452;R;53011;insert
812.839018561;R;53012;insert
812.839201670;W;52742;insert
812.839628924;W;52743;insert
813.506013311;R;53014;insert
813.506226932;R;53015;insert
813.506410035;W;52744;insert
813.657044162;W;52745;insert
813.657501917;W;52746;insert
813.815368664;R;53016;insert
813.815551771;R;53017;insert
813.815734879;W;52747;insert
813.923736098;W;52748;insert
814.556550411;R;53018;sync_supers
814.556733509;R;53019;sync_supers
814.556916607;W;52749;sync_supers
814.802917106;W;52750;insert
815.095122955;R;53020;insert
815.095336580;W;52751;insert
815.437408270;R;53022;insert
815.437591375;R;53023;insert
815.437774481;W;52752;insert
815.588075105;W;52753;insert
815.588502334;W;52754;insert
815.738283021;W;52755;insert
815.788086149;R;53024;insert
815.788269252;R;53025;insert
815.788452354;R;53026;insert
815.788635457;W;52756;insert
816.105499614;W;52757;insert
817.107208260;R;53027;insert
817.107391363;W;52758;insert
817.107818606;W;52759;insert
817.424682582;R;53029;insert
817.424865689;R;53030;insert
817.425048796;W;52760;insert
817.600312049;W;52761;insert
817.716889286;W;52762;insert
817.775420224;R;53031;insert
817.775603335;R;53032;insert
817.775755928;R;53033;insert
817.775939039;W;52763;insert
818.387084736;W;52764;insert
818.988006575;R;53034;insert
818.988220200;W;52765;insert
819.330260624;R;53036;insert
819.330443737;R;53037;insert
819.330626850;W;52766;insert
819.331054114;W;52767;insert
819.489319322;W;52768;insert
819.589661622;W;52769;insert
819.639191277;R;53038;insert
819.639374378;R;53039;insert
819.639557479;W;52770;insert
820.507783397;W;52771;insert
820.556640125;R;53040;sync_supers
820.556823236;R;53041;sync_supers
820.557006346;W;52772;sync_supers
820.925354762;R;53042;insert
820.925537868;W;52773;insert
821.284364019;R;53044;insert
821.284547123;R;53045;insert
821.284699710;R;53046;insert
821.284882814;W;52774;insert
821.285310057;W;52775;insert
821.451660416;W;52776;insert
821.666594206;W;52777;insert
821.718414971;R;53047;insert
821.718598072;R;53048;insert
821.718781172;W;52778;insert
822.263063011;W;52779;insert
822.814332519;R;53049;insert
822.814546134;W;52780;insert
823.123322366;R;53051;insert
823.123535988;R;53052;insert
823.123688574;R;53053;insert
823.123871679;W;52781;insert
823.124298922;W;52782;insert
823.282410635;W;52783;insert
823.382660150;W;52784;insert
823.440673925;R;53054;insert
823.440857031;R;53055;insert
823.441040136;W;52785;insert
823.441467383;W;52786;insert
824.409055922;W;52787;insert
824.693451041;R;52928;insert
824.693664662;R;52929;insert
824.694427592;W;52788;insert
825.002044495;R;52931;insert
825.002258119;R;52932;insert
825.002441225;W;52789;insert
825.003021062;E;828;jffs2_gcd_mtd5
825.003600898;R;52992;jffs2_gcd_mtd5
825.003814522;R;52993;jffs2_gcd_mtd5
825.003997628;R;52994;jffs2_gcd_mtd5
825.004180734;R;52995;jffs2_gcd_mtd5
825.004363840;R;52996;jffs2_gcd_mtd5
825.004546947;R;52997;jffs2_gcd_mtd5
825.004730053;R;52998;jffs2_gcd_mtd5
825.004913159;R;52999;jffs2_gcd_mtd5
825.005096265;R;53000;jffs2_gcd_mtd5
825.005279371;R;53001;jffs2_gcd_mtd5
825.005462478;R;53002;jffs2_gcd_mtd5
825.005645584;R;53003;jffs2_gcd_mtd5
825.005828690;R;53004;jffs2_gcd_mtd5
825.006011796;R;53005;jffs2_gcd_mtd5
825.006194903;R;53006;jffs2_gcd_mtd5
825.006378009;R;53007;jffs2_gcd_mtd5
825.006561115;R;53008;jffs2_gcd_mtd5
825.006744221;R;53009;jffs2_gcd_mtd5
825.006927327;R;53010;jffs2_gcd_mtd5
825.007110434;R;53011;jffs2_gcd_mtd5
825.007324057;R;53012;jffs2_gcd_mtd5
825.007476646;R;53013;jffs2_gcd_mtd5
825.007690270;R;53014;jffs2_gcd_mtd5
825.007842858;R;53015;jffs2_gcd_mtd5
825.008056482;R;53016;jffs2_gcd_mtd5
825.008209071;R;53017;jffs2_gcd_mtd5
825.008422695;R;53018;jffs2_gcd_mtd5
825.008605801;R;53019;jffs2_gcd_mtd5
825.008788907;R;53020;jffs2_gcd_mtd5
825.008972013;R;53021;jffs2_gcd_mtd5
825.009155120;R;53022;jffs2_gcd_mtd5
825.009338226;R;53023;jffs2_gcd_mtd5
825.010864123;R;53024;jffs2_gcd_mtd5
825.011047231;R;53025;jffs2_gcd_mtd5
825.011260856;R;53026;jffs2_gcd_mtd5
825.011443964;R;53027;jffs2_gcd_mtd5
825.011627072;R;53028;jffs2_gcd_mtd5
825.011810179;R;53029;jffs2_gcd_mtd5
825.011993287;R;53030;jffs2_gcd_mtd5
825.012176395;R;53031;jffs2_gcd_mtd5
825.012359502;R;53032;jffs2_gcd_mtd5
825.012542610;R;53033;jffs2_gcd_mtd5
825.012725718;R;53034;jffs2_gcd_mtd5
825.012908826;R;53035;jffs2_gcd_mtd5
825.013458149;R;53036;jffs2_gcd_mtd5
825.013641256;R;53037;jffs2_gcd_mtd5
825.013824364;R;53038;jffs2_gcd_mtd5
825.014007472;R;53039;jffs2_gcd_mtd5
825.014190579;R;53040;jffs2_gcd_mtd5
825.014373687;R;53041;jffs2_gcd_mtd5
825.014556795;R;53042;jffs2_gcd_mtd5
825.014739903;R;53043;jffs2_gcd_mtd5
825.014923010;R;53044;jffs2_gcd_mtd5
825.015106118;R;53045;jffs2_gcd_mtd5
825.015289226;R;53046;jffs2_gcd_mtd5
825.015472333;R;53047;jffs2_gcd_mtd5
825.015655441;R;53048;jffs2_gcd_mtd5
825.015838549;R;53049;jffs2_gcd_mtd5
825.016052175;R;53050;jffs2_gcd_mtd5
825.016204764;R;53051;jffs2_gcd_mtd5
825.016418390;R;53052;jffs2_gcd_mtd5
825.016570980;R;53053;jffs2_gcd_mtd5
825.016784605;R;53054;jffs2_gcd_mtd5
825.016937195;R;53055;jffs2_gcd_mtd5
825.060639598;W;52790;insert
825.161162673;W;52791;insert
825.361266841;R;52935;insert
825.361480469;R;52936;insert
825.361663578;W;52792;insert
825.362090834;W;52793;insert
826.465422490;R;52937;insert
826.465605600;R;52938;insert
826.465819230;W;52794;insert
826.466246488;W;52795;insert
826.766113937;R;52939;insert
826.766297038;R;52940;insert
826.766480139;W;52796;insert
826.925170620;W;52797;insert
826.925536837;W;52798;insert
827.091858647;R;52944;insert
827.092072268;R;52945;insert
827.094025370;W;52799;insert
827.200471006;W;52672;insert
828.294494601;R;52946;insert
828.294708226;W;52673;insert
828.295074439;W;52674;insert
828.645171518;R;52947;insert
828.645354628;R;52948;insert
828.645507220;R;52949;insert
828.645690331;W;52675;insert
828.845978432;W;52676;insert
828.846405669;W;52677;insert
828.995727689;R;52950;insert
828.995910794;W;52678;insert
829.496644973;W;52679;insert
830.150208096;R;52952;insert
830.150391195;R;52953;insert
830.150543778;R;52954;insert
830.150757394;W;52680;insert
830.517364599;R;52955;insert
830.517547706;R;52956;insert
830.517730813;W;52681;insert
830.518127546;W;52682;insert
830.734771511;W;52683;insert
830.853911275;W;52684;insert
830.854338533;W;52685;insert
830.909759924;R;52957;insert
830.909943028;W;52686;insert
831.477907398;W;52687;insert
832.070679898;R;52959;insert
832.070893516;R;52960;insert
832.071046100;R;52961;insert
832.071229201;W;52688;insert
832.413452786;R;52962;insert
832.413635886;R;52963;insert
832.413818985;W;52689;insert
832.414246218;W;52690;insert
832.556640792;R;52964;sync_supers
832.556823898;W;52691;sync_supers
832.564758458;W;52692;insert
832.565185704;W;52693;insert
832.763763213;R;52966;insert
832.763946323;R;52967;insert
832.764129432;R;52968;insert
832.764312541;W;52694;insert
833.214843043;W;52695;insert
833.907958832;R;52969;insert
833.908141940;R;52970;insert
833.908355566;W;52696;insert
834.208587597;W;52697;insert
834.260315749;R;52971;insert
834.260498851;R;52972;insert
834.260681954;W;52698;insert
834.427887053;W;52699;insert
834.527587821;W;52700;insert
834.577637110;R;52973;insert
834.577820214;R;52974;insert
834.578003318;R;52975;insert
834.578186423;W;52701;insert
835.170654534;W;52702;insert
835.763765272;R;52976;insert
835.763978892;W;52703;insert
836.106021478;R;52977;insert
836.106204567;R;52978;insert
836.106387657;W;52704;insert
836.106814866;W;52705;insert
836.256623840;W;52706;insert
836.356536370;W;52707;insert
836.406586942;R;52979;insert
836.406770042;R;52980;insert
836.406953143;W;52708;insert
837.126313874;W;52709;insert
837.692657035;R;52982;insert
837.692870661;R;52983;insert
837.693053770;W;52710;insert
838.001524862;R;52984;insert
838.001738491;R;52985;insert
838.001921603;W;52711;insert
838.002348862;W;52712;insert
838.160765277;W;52713;insert
838.270875012;W;52714;insert
838.320830151;R;52986;insert
838.321013260;R;52987;insert
838.321196369;W;52715;insert
838.321623623;W;52716;insert
838.556641010;R;52989;sync_supers
838.556824114;R;52990;sync_supers
838.557037734;W;52717;sync_supers
838.913543467;W;52718;insert
839.549164419;R;52991;insert
839.549530622;R;52864;insert
839.549713724;R;52865;insert
839.550507164;W;52719;insert
839.866303565;R;52866;insert
839.866486666;W;52720;insert
839.866944419;W;52721;insert
839.867493722;E;827;jffs2_gcd_mtd5
839.868073543;R;52928;jffs2_gcd_mtd5
839.868256644;R;52929;jffs2_gcd_mtd5
839.868470262;R;52930;jffs2_gcd_mtd5
839.868653363;R;52931;jffs2_gcd_mtd5
839.869904550;R;52932;jffs2_gcd_mtd5
839.870087650;R;52933;jffs2_gcd_mtd5
839.870270751;R;52934;jffs2_gcd_mtd5
839.870453851;R;52935;jffs2_gcd_mtd5
839.870636951;R;52936;jffs2_gcd_mtd5
839.870820052;R;52937;jffs2_gcd_mtd5
839.871003152;R;52938;jffs2_gcd_mtd5
839.871186252;R;52939;jffs2_gcd_mtd5
839.871369353;R;52940;jffs2_gcd_mtd5
839.871552453;R;52941;jffs2_gcd_mtd5
839.871766070;R;52942;jffs2_gcd_mtd5
839.871918654;R;52943;jffs2_gcd_mtd5
839.872132271;R;52944;jffs2_gcd_mtd5
839.872284855;R;52945;jffs2_gcd_mtd5
839.872498472;R;52946;jffs2_gcd_mtd5
839.872651055;R;52947;jffs2_gcd_mtd5
839.872864672;R;52948;jffs2_gcd_mtd5
839.873047773;R;52949;jffs2_gcd_mtd5
839.873230873;R;52950;jffs2_gcd_mtd5
839.873536040;R;52951;jffs2_gcd_mtd5
839.873932758;R;52952;jffs2_gcd_mtd5
839.874115858;R;52953;jffs2_gcd_mtd5
839.874329475;R;52954;jffs2_gcd_mtd5
839.874512576;R;52955;jffs2_gcd_mtd5
839.874695676;R;52956;jffs2_gcd_mtd5
839.874878776;R;52957;jffs2_gcd_mtd5
839.875061877;R;52958;jffs2_gcd_mtd5
839.875244977;R;52959;jffs2_gcd_mtd5
839.875428077;R;52960;jffs2_gcd_mtd5
839.875611178;R;52961;jffs2_gcd_mtd5
839.875794278;R;52962;jffs2_gcd_mtd5
839.875977378;R;52963;jffs2_gcd_mtd5
839.876160479;R;52964;jffs2_gcd_mtd5
839.876343579;R;52965;jffs2_gcd_mtd5
839.876526680;R;52966;jffs2_gcd_mtd5
839.876770811;R;52967;jffs2_gcd_mtd5
839.876953909;R;52968;jffs2_gcd_mtd5
839.877137006;R;52969;jffs2_gcd_mtd5
839.877320103;R;52970;jffs2_gcd_mtd5
839.877503201;R;52971;jffs2_gcd_mtd5
839.877686298;R;52972;jffs2_gcd_mtd5
839.877869395;R;52973;jffs2_gcd_mtd5
839.878052493;R;52974;jffs2_gcd_mtd5
839.878235590;R;52975;jffs2_gcd_mtd5
839.878418688;R;52976;jffs2_gcd_mtd5
839.878601785;R;52977;jffs2_gcd_mtd5
839.878784882;R;52978;jffs2_gcd_mtd5
839.878967980;R;52979;jffs2_gcd_mtd5
839.879151077;R;52980;jffs2_gcd_mtd5
839.879334174;R;52981;jffs2_gcd_mtd5
839.879517272;R;52982;jffs2_gcd_mtd5
839.879700369;R;52983;jffs2_gcd_mtd5
839.879883466;R;52984;jffs2_gcd_mtd5
839.880066564;R;52985;jffs2_gcd_mtd5
839.880280177;R;52986;jffs2_gcd_mtd5
839.880432759;R;52987;jffs2_gcd_mtd5
839.880646372;R;52988;jffs2_gcd_mtd5
839.880798953;R;52989;jffs2_gcd_mtd5
839.881012567;R;52990;jffs2_gcd_mtd5
839.881165148;R;52991;jffs2_gcd_mtd5
840.025452853;W;52722;insert
840.133545930;W;52723;insert
840.183624118;R;52868;insert
840.183807225;R;52869;insert
840.183990332;W;52724;insert
840.868375895;W;52725;insert
841.536223090;R;52873;insert
841.536406200;R;52874;insert
841.536619829;W;52726;insert
841.870330414;R;52875;insert
841.870513521;R;52876;insert
841.870696628;W;52727;insert
841.920288139;W;52728;insert
842.020903899;W;52729;insert
842.172729922;R;52880;insert
842.172943544;R;52881;insert
842.173126649;W;52730;insert
842.173553894;W;52731;insert
843.367034724;R;52882;insert
843.367248349;W;52732;insert
843.367614562;W;52733;insert
843.709197790;R;52883;insert
843.709380897;R;52884;insert
843.709564005;W;52734;insert
843.867675684;W;52735;insert
843.868621740;W;52608;insert
844.026700947;R;52885;insert
844.026884054;R;52886;insert
844.027067161;W;52609;insert
844.027433374;W;52610;insert
844.556670302;R;52887;sync_supers
844.556883935;W;52611;sync_supers
844.719453487;W;52612;insert
845.296233082;W;52613;insert
845.638275753;R;52892;insert
845.638489373;R;52893;insert
845.638672476;W;52614;insert
845.688445305;W;52615;insert
845.788880613;W;52616;insert
845.889220821;W;52617;insert
845.938905113;R;52895;insert
845.939149246;R;52896;insert
845.939332344;R;52897;insert
845.939515443;W;52618;insert
845.939942672;W;52619;insert
846.984192006;W;52620;insert
847.293367249;R;52898;insert
847.293550352;R;52899;insert
847.293733455;W;52621;insert
847.602111822;R;52900;insert
847.602294925;W;52622;insert
847.660614371;W;52623;insert
847.777894083;W;52624;insert
847.954347165;R;52902;insert
847.954560782;R;52903;insert
847.954774399;R;52904;insert
847.954957496;W;52625;insert
847.955384724;W;52626;insert
849.163880035;R;52905;insert
849.164093653;R;52906;insert
849.164276754;W;52627;insert
849.164703989;W;52628;insert
849.464568537;R;52909;insert
849.464751644;R;52910;insert
849.464934752;W;52629;insert
849.615356759;W;52630;insert
849.615783998;W;52631;insert
849.765136546;R;52911;insert
849.765350168;W;52632;insert
849.765777412;W;52633;insert
850.556641065;R;52915;sync_supers
850.556854685;R;52916;sync_supers
850.557007271;R;52917;sync_supers
850.557190375;W;52634;sync_supers
850.694002126;W;52635;insert
851.086609099;R;52918;insert
851.086822722;W;52636;insert
851.403839507;R;52919;insert
851.404022614;R;52920;insert
851.404205721;R;52921;insert
851.404358311;W;52637;insert
851.404785561;W;52638;insert
851.554749139;W;52639;insert
851.704589491;R;52922;insert
851.704833634;W;52640;insert
851.705260889;W;52641;insert
852.656616916;W;52642;insert
852.907257569;R;52924;insert
852.907440673;R;52925;insert
852.907623778;W;52643;insert
853.208496837;W;52644;insert
853.257933994;W;52645;insert
853.258513848;E;826;jffs2_gcd_mtd5
853.259124221;R;52864;jffs2_gcd_mtd5
853.259307333;R;52865;jffs2_gcd_mtd5
853.260406020;R;52866;jffs2_gcd_mtd5
853.260589135;R;52867;jffs2_gcd_mtd5
853.260772250;R;52868;jffs2_gcd_mtd5
853.260955365;R;52869;jffs2_gcd_mtd5
853.261168999;R;52870;jffs2_gcd_mtd5
853.261321595;R;52871;jffs2_gcd_mtd5
853.261535229;R;52872;jffs2_gcd_mtd5
853.261687824;R;52873;jffs2_gcd_mtd5
853.261901458;R;52874;jffs2_gcd_mtd5
853.262054054;R;52875;jffs2_gcd_mtd5
853.262603399;R;52876;jffs2_gcd_mtd5
853.262786513;R;52877;jffs2_gcd_mtd5
853.263000147;R;52878;jffs2_gcd_mtd5
853.263152743;R;52879;jffs2_gcd_mtd5
853.263366377;R;52880;jffs2_gcd_mtd5
853.263518973;R;52881;jffs2_gcd_mtd5
853.263732607;R;52882;jffs2_gcd_mtd5
853.263885202;R;52883;jffs2_gcd_mtd5
853.264098836;R;52884;jffs2_gcd_mtd5
853.264251432;R;52885;jffs2_gcd_mtd5
853.264465066;R;52886;jffs2_gcd_mtd5
853.264648181;R;52887;jffs2_gcd_mtd5
853.264831296;R;52888;jffs2_gcd_mtd5
853.265014411;R;52889;jffs2_gcd_mtd5
853.265197526;R;52890;jffs2_gcd_mtd5
853.265380640;R;52891;jffs2_gcd_mtd5
853.265563755;R;52892;jffs2_gcd_mtd5
853.265746870;R;52893;jffs2_gcd_mtd5
853.265929985;R;52894;jffs2_gcd_mtd5
853.266113100;R;52895;jffs2_gcd_mtd5
853.266296215;R;52896;jffs2_gcd_mtd5
853.266479329;R;52897;jffs2_gcd_mtd5
853.266662444;R;52898;jffs2_gcd_mtd5
853.266845559;R;52899;jffs2_gcd_mtd5
853.267028674;R;52900;jffs2_gcd_mtd5
853.267211789;R;52901;jffs2_gcd_mtd5
853.267455944;R;52902;jffs2_gcd_mtd5
853.267639061;R;52903;jffs2_gcd_mtd5
853.267822177;R;52904;jffs2_gcd_mtd5
853.268005293;R;52905;jffs2_gcd_mtd5
853.268188410;R;52906;jffs2_gcd_mtd5
853.268371526;R;52907;jffs2_gcd_mtd5
853.268554642;R;52908;jffs2_gcd_mtd5
853.268737759;R;52909;jffs2_gcd_mtd5
853.268920875;R;52910;jffs2_gcd_mtd5
853.269103992;R;52911;jffs2_gcd_mtd5
853.269287108;R;52912;jffs2_gcd_mtd5
853.269470224;R;52913;jffs2_gcd_mtd5
853.269653341;R;52914;jffs2_gcd_mtd5
853.269836457;R;52915;jffs2_gcd_mtd5
853.270019573;R;52916;jffs2_gcd_mtd5
853.270202690;R;52917;jffs2_gcd_mtd5
853.270385806;R;52918;jffs2_gcd_mtd5
853.270568922;R;52919;jffs2_gcd_mtd5
853.270752039;R;52920;jffs2_gcd_mtd5
853.270935155;R;52921;jffs2_gcd_mtd5
853.271118271;R;52922;jffs2_gcd_mtd5
853.271301388;R;52923;jffs2_gcd_mtd5
853.271484504;R;52924;jffs2_gcd_mtd5
853.271667620;R;52925;jffs2_gcd_mtd5
853.271881256;R;52926;jffs2_gcd_mtd5
853.272033853;R;52927;jffs2_gcd_mtd5
853.358583479;W;52646;insert
853.458770570;W;52647;insert
853.510561022;R;52802;insert
853.510744123;R;52803;insert
853.510927225;R;52804;insert
853.511079809;W;52648;insert
853.511507046;W;52649;insert
854.478973581;W;52650;insert
854.612823571;R;52805;insert
854.613037195;W;52651;insert
854.913696491;R;52810;insert
854.913910112;R;52811;insert
854.914062698;W;52652;insert
855.064331311;W;52653;insert
855.064758554;W;52654;insert
855.214324766;R;52815;insert
855.214538390;R;52816;insert
855.214690979;W;52655;insert
855.215118227;W;52656;insert
856.383667179;R;52817;insert
856.383880803;W;52657;insert
856.384308052;W;52658;insert
856.684875216;R;52818;insert
856.685058325;R;52819;insert
856.685241434;R;52820;insert
856.685424542;W;52659;insert
856.843261420;W;52660;insert
856.843719195;W;52661;insert
856.993407237;R;52821;insert
856.993590347;W;52662;insert
856.994017615;W;52663;insert
858.314818503;R;52823;insert
858.315001609;R;52824;insert
858.315215233;W;52664;insert
858.315642480;W;52665;insert
858.615447501;R;52825;insert
858.615661131;R;52826;insert
858.615813724;W;52666;insert
858.766206068;W;52667;insert
858.766602786;W;52668;insert
858.915956062;R;52827;insert
858.916139160;R;52828;insert
858.916322257;W;52669;insert
859.218323621;W;52670;insert
860.319854150;W;52671;insert
860.320617117;W;52544;insert
860.678527305;R;52831;insert
860.678710414;R;52832;insert
860.678893523;W;52545;insert
860.836943898;W;52546;insert
860.837371156;W;52547;insert
860.945465803;W;52548;insert
861.003387106;R;52833;insert
861.003570216;R;52834;insert
861.003753326;W;52549;insert
861.329254434;W;52550;insert
862.116058726;R;52835;insert
862.116241831;R;52836;insert
862.116455452;W;52551;insert
862.116852178;W;52552;insert
862.466735891;R;52838;insert
862.466918997;R;52839;insert
862.467132622;W;52553;insert
862.556640133;R;52840;sync_supers
862.556823239;W;52554;sync_supers
862.557250488;W;52555;sync_supers
862.617403359;W;52556;insert
862.767517199;R;52841;insert
862.767700306;R;52842;insert
862.767883413;R;52843;insert
862.768066519;W;52557;insert
862.768493768;W;52558;insert
863.652740160;W;52559;insert
863.970124700;R;52844;insert
863.970399352;W;52560;insert
864.362303648;R;52846;insert
864.362517266;R;52847;insert
864.362700368;W;52561;insert
864.420652346;W;52562;insert
864.538117664;W;52563;insert
864.696290523;R;52848;insert
864.696473623;R;52849;insert
864.696656723;W;52564;insert
864.697083955;W;52565;insert
866.115538830;R;52850;insert
866.115721942;R;52851;insert
866.115905053;W;52566;insert
866.116332314;W;52567;insert
866.426299539;R;52852;insert
866.426482646;R;52853;insert
866.426665754;W;52568;insert
866.647431237;W;52569;insert
866.647858474;W;52570;insert
866.802002750;R;52854;insert
866.802185849;R;52855;insert
866.802368947;W;52571;insert
866.802796176;W;52572;insert
867.904510894;R;52856;insert
867.904693998;R;52857;insert
867.904877102;W;52573;insert
867.905304346;W;52574;insert
868.222044946;R;52858;insert
868.222258570;W;52575;insert
868.389558032;W;52576;insert
868.389985264;W;52577;insert
868.507325414;W;52578;insert
868.556640138;R;52859;sync_supers
868.556823249;R;52860;sync_supers
868.557006360;W;52579;sync_supers
868.557433620;W;52580;sync_supers
869.767700983;R;52862;insert
869.767914597;R;52863;insert
869.768097694;W;52581;insert
869.768524922;W;52582;insert
870.069946782;R;52736;insert
870.070129883;R;52737;insert
870.070312984;W;52583;insert
870.070953838;E;825;jffs2_gcd_mtd5
870.071533657;R;52800;jffs2_gcd_mtd5
870.071747275;R;52801;jffs2_gcd_mtd5
870.073090017;R;52802;jffs2_gcd_mtd5
870.073273118;R;52803;jffs2_gcd_mtd5
870.073456219;R;52804;jffs2_gcd_mtd5
870.073639319;R;52805;jffs2_gcd_mtd5
870.073822420;R;52806;jffs2_gcd_mtd5
870.074005521;R;52807;jffs2_gcd_mtd5
870.074188622;R;52808;jffs2_gcd_mtd5
870.074371723;R;52809;jffs2_gcd_mtd5
870.074554824;R;52810;jffs2_gcd_mtd5
870.074737925;R;52811;jffs2_gcd_mtd5
870.074921026;R;52812;jffs2_gcd_mtd5
870.075104127;R;52813;jffs2_gcd_mtd5
870.075317745;R;52814;jffs2_gcd_mtd5
870.075470329;R;52815;jffs2_gcd_mtd5
870.075683947;R;52816;jffs2_gcd_mtd5
870.075836531;R;52817;jffs2_gcd_mtd5
870.076050148;R;52818;jffs2_gcd_mtd5
870.076202733;R;52819;jffs2_gcd_mtd5
870.076813069;R;52820;jffs2_gcd_mtd5
870.076996170;R;52821;jffs2_gcd_mtd5
870.077179271;R;52822;jffs2_gcd_mtd5
870.077362372;R;52823;jffs2_gcd_mtd5
870.077575990;R;52824;jffs2_gcd_mtd5
870.077728574;R;52825;jffs2_gcd_mtd5
870.077942192;R;52826;jffs2_gcd_mtd5
870.078094776;R;52827;jffs2_gcd_mtd5
870.078308393;R;52828;jffs2_gcd_mtd5
870.078460978;R;52829;jffs2_gcd_mtd5
870.078674595;R;52830;jffs2_gcd_mtd5
870.078827179;R;52831;jffs2_gcd_mtd5
870.079040797;R;52832;jffs2_gcd_mtd5
870.079223898;R;52833;jffs2_gcd_mtd5
870.079406999;R;52834;jffs2_gcd_mtd5
870.079590100;R;52835;jffs2_gcd_mtd5
870.079834236;R;52836;jffs2_gcd_mtd5
870.080017339;R;52837;jffs2_gcd_mtd5
870.080200441;R;52838;jffs2_gcd_mtd5
870.080383544;R;52839;jffs2_gcd_mtd5
870.080566646;R;52840;jffs2_gcd_mtd5
870.080749749;R;52841;jffs2_gcd_mtd5
870.080932851;R;52842;jffs2_gcd_mtd5
870.081115953;R;52843;jffs2_gcd_mtd5
870.081299056;R;52844;jffs2_gcd_mtd5
870.081482158;R;52845;jffs2_gcd_mtd5
870.081665261;R;52846;jffs2_gcd_mtd5
870.081848363;R;52847;jffs2_gcd_mtd5
870.082031466;R;52848;jffs2_gcd_mtd5
870.082214568;R;52849;jffs2_gcd_mtd5
870.082397670;R;52850;jffs2_gcd_mtd5
870.082580773;R;52851;jffs2_gcd_mtd5
870.082763875;R;52852;jffs2_gcd_mtd5
870.082946978;R;52853;jffs2_gcd_mtd5
870.083130080;R;52854;jffs2_gcd_mtd5
870.083313183;R;52855;jffs2_gcd_mtd5
870.083496285;R;52856;jffs2_gcd_mtd5
870.083679388;R;52857;jffs2_gcd_mtd5
870.083862490;R;52858;jffs2_gcd_mtd5
870.084045592;R;52859;jffs2_gcd_mtd5
870.084228695;R;52860;jffs2_gcd_mtd5
870.084411797;R;52861;jffs2_gcd_mtd5
870.084594900;R;52862;jffs2_gcd_mtd5
870.084778002;R;52863;jffs2_gcd_mtd5
870.220794725;W;52584;insert
870.221221978;W;52585;insert
870.380005559;R;52738;insert
870.380188662;R;52739;insert
870.380371764;W;52586;insert
870.487397131;W;52587;insert
871.714966630;R;52740;insert
871.715149733;R;52741;insert
871.715332836;R;52742;insert
871.715515938;W;52588;insert
871.715943178;W;52589;insert
872.099059776;R;52743;insert
872.099273399;R;52744;insert
872.099456503;W;52590;insert
872.250366458;W;52591;insert
872.250824220;W;52592;insert
872.399688494;R;52745;insert
872.399902121;W;52593;insert
872.650176562;W;52594;insert
873.543731243;R;52747;insert
873.543944869;R;52748;insert
873.544127977;W;52595;insert
873.544555229;W;52596;insert
873.844697125;R;52749;insert
873.844880230;R;52750;insert
873.845063335;W;52597;insert
874.022063786;W;52598;insert
874.022491038;W;52599;insert
874.188568450;R;52751;insert
874.188751555;R;52752;insert
874.188934660;W;52600;insert
874.556640890;R;52753;sync_supers
874.556854505;W;52601;sync_supers
874.557281736;W;52602;sync_supers
875.290192786;R;52755;insert
875.290375891;R;52756;insert
875.290558996;W;52603;insert
875.291077788;W;52604;insert
875.591065463;R;52757;insert
875.591279088;W;52605;insert
875.744202264;W;52606;insert
875.744629496;W;52607;insert
875.841918030;W;52480;insert
875.891786831;R;52758;insert
875.891969936;R;52759;insert
875.892153042;R;52760;insert
875.892397176;W;52481;insert
876.192598283;W;52482;insert
877.079224572;R;52761;insert
877.079438191;W;52483;insert
877.079865425;W;52484;insert
877.429961959;R;52763;insert
877.430145065;R;52764;insert
877.430328170;W;52485;insert
877.589081457;W;52486;insert
877.589539213;W;52487;insert
877.739104387;R;52765;insert
877.739318008;R;52766;insert
877.739501112;W;52488;insert
878.081572959;W;52489;insert
878.866486735;R;52767;insert
878.866669836;R;52768;insert
878.866852938;W;52490;insert
878.867280175;W;52491;insert
879.208984985;R;52770;insert
879.209168086;R;52771;insert
879.209351188;W;52492;insert
879.359680678;W;52493;insert
879.360107915;W;52494;insert
879.551206688;R;52772;insert
879.551420317;R;52773;insert
879.551603428;W;52495;insert
879.943603673;W;52496;insert
880.556549288;R;52774;sync_supers
880.556732394;W;52497;sync_supers
880.557159643;W;52498;sync_supers
881.014617454;R;52775;insert
881.014800566;R;52776;insert
881.014983677;W;52499;insert
881.165343748;W;52500;insert
881.165771003;W;52501;insert
881.315336808;R;52778;insert
881.315519916;R;52779;insert
881.315703025;W;52502;insert
881.666137745;W;52503;insert
882.459717239;R;52780;insert
882.459930857;R;52781;insert
882.460113957;W;52504;insert
882.460541192;W;52505;insert
882.818423188;R;52782;insert
882.818606290;R;52783;insert
882.818789391;W;52506;insert
882.969422383;W;52507;insert
882.969849626;W;52508;insert
883.069702605;W;52509;insert
883.119385345;R;52784;insert
883.119568450;R;52785;insert
883.119751554;W;52510;insert
883.478302101;W;52511;insert
884.288514318;R;52786;insert
884.288697421;R;52787;insert
884.288880523;W;52512;insert
884.289307763;W;52513;insert
884.590730090;R;52788;insert
884.590913195;R;52789;insert
884.591096300;W;52514;insert
884.783508566;W;52515;insert
884.783935822;W;52516;insert
884.933259302;R;52790;insert
884.933472923;W;52517;insert
885.434569958;W;52518;insert
886.286315995;R;52792;insert
886.286499102;R;52793;insert
886.286682209;R;52794;insert
886.286865316;W;52519;insert
886.287292565;W;52520;insert
886.711975758;R;52795;insert
886.712158862;R;52796;insert
886.712341965;W;52521;insert
886.946046588;W;52522;insert
886.946473816;W;52523;insert
887.112581792;R;52797;insert
887.112764897;W;52524;insert
887.463684450;W;52525;insert
888.407379328;W;52526;insert
888.407898133;W;52527;insert
888.709595431;R;52673;insert
888.709778532;R;52674;insert
888.709931116;R;52675;insert
888.710114217;W;52528;insert
888.710755070;E;824;jffs2_gcd_mtd5
888.711334890;R;52736;jffs2_gcd_mtd5
888.711517991;R;52737;jffs2_gcd_mtd5
888.711731609;R;52738;jffs2_gcd_mtd5
888.711914710;R;52739;jffs2_gcd_mtd5
888.712097810;R;52740;jffs2_gcd_mtd5
888.712280911;R;52741;jffs2_gcd_mtd5
888.712464012;R;52742;jffs2_gcd_mtd5
888.712708147;R;52743;jffs2_gcd_mtd5
888.714142439;R;52744;jffs2_gcd_mtd5
888.714325540;R;52745;jffs2_gcd_mtd5
888.714508641;R;52746;jffs2_gcd_mtd5
888.714691742;R;52747;jffs2_gcd_mtd5
888.714874843;R;52748;jffs2_gcd_mtd5
888.715057944;R;52749;jffs2_gcd_mtd5
888.715241046;R;52750;jffs2_gcd_mtd5
888.715424147;R;52751;jffs2_gcd_mtd5
888.715607248;R;52752;jffs2_gcd_mtd5
888.715790349;R;52753;jffs2_gcd_mtd5
888.716003967;R;52754;jffs2_gcd_mtd5
888.716156551;R;52755;jffs2_gcd_mtd5
888.716370169;R;52756;jffs2_gcd_mtd5
888.716522753;R;52757;jffs2_gcd_mtd5
888.716736371;R;52758;jffs2_gcd_mtd5
888.716888955;R;52759;jffs2_gcd_mtd5
888.717102573;R;52760;jffs2_gcd_mtd5
888.717407742;R;52761;jffs2_gcd_mtd5
888.717804461;R;52762;jffs2_gcd_mtd5
888.717987562;R;52763;jffs2_gcd_mtd5
888.718201180;R;52764;jffs2_gcd_mtd5
888.718384281;R;52765;jffs2_gcd_mtd5
888.718567382;R;52766;jffs2_gcd_mtd5
888.718750483;R;52767;jffs2_gcd_mtd5
888.718933584;R;52768;jffs2_gcd_mtd5
888.719116685;R;52769;jffs2_gcd_mtd5
888.719299787;R;52770;jffs2_gcd_mtd5
888.719482888;R;52771;jffs2_gcd_mtd5
888.719665989;R;52772;jffs2_gcd_mtd5
888.719849090;R;52773;jffs2_gcd_mtd5
888.720032191;R;52774;jffs2_gcd_mtd5
888.720215292;R;52775;jffs2_gcd_mtd5
888.720459428;R;52776;jffs2_gcd_mtd5
888.720642529;R;52777;jffs2_gcd_mtd5
888.720825631;R;52778;jffs2_gcd_mtd5
888.721008732;R;52779;jffs2_gcd_mtd5
888.721191834;R;52780;jffs2_gcd_mtd5
888.721374935;R;52781;jffs2_gcd_mtd5
888.721558037;R;52782;jffs2_gcd_mtd5
888.721741138;R;52783;jffs2_gcd_mtd5
888.721924240;R;52784;jffs2_gcd_mtd5
888.722107341;R;52785;jffs2_gcd_mtd5
888.722290442;R;52786;jffs2_gcd_mtd5
888.722473544;R;52787;jffs2_gcd_mtd5
888.722656645;R;52788;jffs2_gcd_mtd5
888.722839747;R;52789;jffs2_gcd_mtd5
888.723022848;R;52790;jffs2_gcd_mtd5
888.723205950;R;52791;jffs2_gcd_mtd5
888.723389051;R;52792;jffs2_gcd_mtd5
888.723572153;R;52793;jffs2_gcd_mtd5
888.723785771;R;52794;jffs2_gcd_mtd5
888.723938356;R;52795;jffs2_gcd_mtd5
888.724151974;R;52796;jffs2_gcd_mtd5
888.724304559;R;52797;jffs2_gcd_mtd5
888.724518177;R;52798;jffs2_gcd_mtd5
888.724670762;R;52799;jffs2_gcd_mtd5
888.976623945;W;52529;insert
888.977051194;W;52530;insert
889.134980144;R;52676;insert
889.135163246;W;52531;insert
889.435821793;W;52532;insert
890.287628129;R;52678;insert
890.287811237;R;52679;insert
890.287994346;W;52533;insert
890.288421601;W;52534;insert
890.588256412;R;52680;insert
890.588470038;R;52681;insert
890.588653147;W;52535;insert
890.739044000;W;52536;insert
890.739501765;W;52537;insert
890.839202609;W;52538;insert
890.907745015;R;52682;insert
890.907989167;R;52683;insert
890.908141762;W;52539;insert
891.181396329;W;52540;insert
892.183351153;R;52684;insert
892.183534257;R;52685;insert
892.183717361;R;52686;insert
892.183900465;W;52541;insert
892.184327707;W;52542;insert
892.556670642;R;52687;sync_supers
892.559142522;W;52543;sync_supers
892.818207552;W;52416;insert
892.818634794;W;52417;insert
892.969756661;R;52688;insert
892.969939771;R;52689;insert
892.970122880;W;52418;insert
893.270356687;W;52419;insert
894.072174362;R;52690;insert
894.072357470;R;52691;insert
894.072540579;W;52420;insert
894.072967833;W;52421;insert
894.422760493;R;52692;insert
894.422974114;W;52422;insert
894.573822020;W;52423;insert
894.574249268;W;52424;insert
894.731994555;R;52694;insert
894.732177663;R;52695;insert
894.732360771;W;52425;insert
895.024201157;W;52426;insert
895.877534288;R;52696;insert
895.877747908;R;52697;insert
895.877931012;W;52427;insert
895.878358253;W;52428;insert
896.226989960;R;52698;insert
896.227203584;R;52699;insert
896.227356173;W;52429;insert
896.377532858;W;52430;insert
896.377960111;W;52431;insert
896.527711591;R;52701;insert
896.527925207;R;52702;insert
896.528108307;W;52432;insert
896.636201763;W;52433;insert
897.681794426;R;52703;insert
897.681977532;R;52704;insert
897.682191154;W;52434;insert
897.682618400;W;52435;insert
897.990906166;R;52705;insert
897.991089272;R;52706;insert
897.991272378;W;52436;insert
898.141540774;W;52437;insert
898.141968026;W;52438;insert
898.291961667;W;52439;insert
898.341584232;R;52708;insert
898.341767336;R;52709;insert
898.341950439;W;52440;insert
898.342377679;W;52441;insert
898.556641067;R;52710;sync_supers
898.556824173;R;52711;sync_supers
898.557037796;W;52442;sync_supers
898.942961574;W;52443;insert
899.519563010;R;52712;insert
899.519746114;R;52713;insert
899.519929218;W;52444;insert
899.812165073;R;52714;insert
899.812348173;R;52715;insert
899.812531274;W;52445;insert
899.812958507;W;52446;insert
899.954561429;W;52447;insert
900.054382875;W;52448;insert
900.104309266;R;52716;insert
900.104492373;R;52717;insert
900.104675480;W;52449;insert
900.690889025;W;52450;insert
901.242218058;R;52718;insert
901.242431682;W;52451;insert
901.542785233;R;52719;insert
901.542998859;R;52720;insert
901.543181966;W;52452;insert
901.543609217;W;52453;insert
901.768615433;W;52454;insert
901.868287294;W;52455;insert
901.919127258;R;52721;insert
901.919310367;R;52722;insert
901.919493476;W;52456;insert
902.528168237;W;52457;insert
903.054291265;R;52724;insert
903.054474366;R;52725;insert
903.054657468;W;52458;insert
903.346648752;R;52726;insert
903.346831865;R;52727;insert
903.347014979;W;52459;insert
903.347381205;W;52460;insert
903.497346802;W;52461;insert
903.597230095;W;52462;insert
903.647370118;R;52728;insert
903.647553219;W;52463;insert
904.200409655;W;52464;insert
904.556640829;R;52730;sync_supers
904.556823927;R;52731;sync_supers
904.557007025;R;52732;sync_supers
904.557190123;W;52465;sync_supers
905.027284228;R;52733;insert
905.027467330;R;52734;insert
905.027650432;W;52466;insert
905.028077669;W;52467;insert
905.587465894;R;52735;insert
905.587710022;W;52468;insert
905.940401531;W;52469;insert
905.940889782;W;52470;insert
905.941469581;E;823;jffs2_gcd_mtd5
905.942049379;R;52672;jffs2_gcd_mtd5
905.942232474;R;52673;jffs2_gcd_mtd5
905.942446084;R;52674;jffs2_gcd_mtd5
905.942598662;R;52675;jffs2_gcd_mtd5
905.942812272;R;52676;jffs2_gcd_mtd5
905.942995366;R;52677;jffs2_gcd_mtd5
905.943178461;R;52678;jffs2_gcd_mtd5
905.943361555;R;52679;jffs2_gcd_mtd5
905.943544649;R;52680;jffs2_gcd_mtd5
905.943727743;R;52681;jffs2_gcd_mtd5
905.943910838;R;52682;jffs2_gcd_mtd5
905.944093932;R;52683;jffs2_gcd_mtd5
905.944277026;R;52684;jffs2_gcd_mtd5
905.944460120;R;52685;jffs2_gcd_mtd5
905.944643215;R;52686;jffs2_gcd_mtd5
905.944826309;R;52687;jffs2_gcd_mtd5
905.945009403;R;52688;jffs2_gcd_mtd5
905.945192497;R;52689;jffs2_gcd_mtd5
905.945375592;R;52690;jffs2_gcd_mtd5
905.945558686;R;52691;jffs2_gcd_mtd5
905.945741780;R;52692;jffs2_gcd_mtd5
905.945924874;R;52693;jffs2_gcd_mtd5
905.946107969;R;52694;jffs2_gcd_mtd5
905.946291063;R;52695;jffs2_gcd_mtd5
905.946474157;R;52696;jffs2_gcd_mtd5
905.946657251;R;52697;jffs2_gcd_mtd5
905.946840346;R;52698;jffs2_gcd_mtd5
905.947114988;R;52699;jffs2_gcd_mtd5
905.948213556;R;52700;jffs2_gcd_mtd5
905.948396651;R;52701;jffs2_gcd_mtd5
905.948610261;R;52702;jffs2_gcd_mtd5
905.948793356;R;52703;jffs2_gcd_mtd5
905.948976450;R;52704;jffs2_gcd_mtd5
905.949159545;R;52705;jffs2_gcd_mtd5
905.949342640;R;52706;jffs2_gcd_mtd5
905.949525734;R;52707;jffs2_gcd_mtd5
905.949708829;R;52708;jffs2_gcd_mtd5
905.949891923;R;52709;jffs2_gcd_mtd5
905.950075018;R;52710;jffs2_gcd_mtd5
905.950258113;R;52711;jffs2_gcd_mtd5
905.950441207;R;52712;jffs2_gcd_mtd5
905.950624302;R;52713;jffs2_gcd_mtd5
905.950807397;R;52714;jffs2_gcd_mtd5
905.950990491;R;52715;jffs2_gcd_mtd5
905.951173586;R;52716;jffs2_gcd_mtd5
905.951478744;R;52717;jffs2_gcd_mtd5
905.951905964;R;52718;jffs2_gcd_mtd5
905.952119575;R;52719;jffs2_gcd_mtd5
905.952302669;R;52720;jffs2_gcd_mtd5
905.952485764;R;52721;jffs2_gcd_mtd5
905.952668859;R;52722;jffs2_gcd_mtd5
905.952851953;R;52723;jffs2_gcd_mtd5
905.953035048;R;52724;jffs2_gcd_mtd5
905.953218142;R;52725;jffs2_gcd_mtd5
905.953401237;R;52726;jffs2_gcd_mtd5
905.953584332;R;52727;jffs2_gcd_mtd5
905.953767426;R;52728;jffs2_gcd_mtd5
905.953950521;R;52729;jffs2_gcd_mtd5
905.954133616;R;52730;jffs2_gcd_mtd5
905.954316710;R;52731;jffs2_gcd_mtd5
905.954499805;R;52732;jffs2_gcd_mtd5
905.954743932;R;52733;jffs2_gcd_mtd5
905.954927028;R;52734;jffs2_gcd_mtd5
905.955110125;R;52735;jffs2_gcd_mtd5
906.189361413;W;52471;insert
906.297704348;R;52609;insert
906.297887451;R;52610;insert
906.298040036;R;52611;insert
906.298223139;W;52472;insert
906.949614469;W;52473;insert
908.539307524;R;52612;insert
908.539521147;W;52474;insert
908.539948393;W;52475;insert
909.124454056;W;52476;insert
909.358705509;W;52477;insert
909.359163262;W;52478;insert
909.566863441;R;52614;insert
909.567077066;R;52615;insert
909.569060725;W;52479;insert
910.025939121;W;52352;insert
910.556671631;R;52617;sync_supers
910.556885256;R;52618;sync_supers
910.557068363;W;52353;sync_supers
910.793401863;W;52354;insert
911.359036812;R;52619;insert
911.359219926;R;52620;insert
911.359403039;W;52355;insert
911.767758239;R;52621;insert
911.767971875;R;52622;insert
911.768154991;W;52356;insert
911.855165852;W;52357;insert
912.022521472;W;52358;insert
912.232788635;R;52623;insert
912.233002257;W;52359;insert
912.233429500;W;52360;insert
912.997009533;W;52361;insert
913.550018165;R;52625;insert
913.550201270;R;52626;insert
913.550384376;R;52627;insert
913.550567482;W;52362;insert
913.850648469;R;52628;insert
913.850831568;R;52629;insert
913.851014667;W;52363;insert
913.851441898;W;52364;insert
914.043180160;W;52365;insert
914.142975903;W;52366;insert
914.193025033;R;52630;insert
914.193238651;W;52367;insert
914.786286518;W;52368;insert
915.337463663;R;52632;insert
915.337707807;R;52633;insert
915.337890915;R;52634;insert
915.338074022;W;52369;insert
915.614715718;R;52635;insert
915.614898824;W;52370;insert
915.615326070;W;52371;insert
915.757232024;W;52372;insert
915.849123489;W;52373;insert
915.849550707;W;52374;insert
915.898924983;R;52636;insert
915.899108088;R;52637;insert
915.899291194;W;52375;insert
916.450287550;W;52376;insert
916.556519686;R;52638;sync_supers
916.556702784;R;52639;sync_supers
916.556885882;W;52377;sync_supers
917.017914875;R;52640;insert
917.018097978;R;52641;insert
917.018281082;R;52642;insert
917.018464185;W;52378;insert
917.018891426;W;52379;insert
917.318634038;R;52643;insert
917.318817143;R;52644;insert
917.319000249;W;52380;insert
917.469637240;W;52381;insert
917.470095000;W;52382;insert
917.778008074;R;52645;insert
917.778221723;W;52383;insert
917.778649022;W;52384;insert
918.630067700;W;52385;insert
918.864044697;R;52647;insert
918.864227802;R;52648;insert
918.864441424;W;52386;insert
919.166443272;R;52649;insert
919.166626377;R;52650;insert
919.166809483;W;52387;insert
919.317230692;W;52388;insert
919.317688455;W;52389;insert
919.467316024;R;52651;insert
919.467499128;R;52652;insert
919.467682233;W;52390;insert
919.468109476;W;52391;insert
920.361054926;W;52392;insert
920.611603263;R;52653;insert
920.611816885;W;52393;insert
920.912324213;R;52655;insert
920.912507315;R;52656;insert
920.912690416;R;52657;insert
920.912873517;W;52394;insert
920.962340702;W;52395;insert
921.071413651;W;52396;insert
921.221344840;R;52658;insert
921.221527947;R;52659;insert
921.221711054;W;52397;insert
921.222138305;W;52398;insert
921.822601517;W;52399;insert
922.556640791;R;52660;sync_supers
922.556854413;W;52400;sync_supers
922.557281657;W;52401;sync_supers
922.616059102;R;52662;insert
922.616272721;R;52663;insert
922.616455822;R;52664;insert
922.716279690;R;52400;insert
922.716462792;R;52401;insert
922.716645893;R;52402;insert
922.716951061;R;52472;insert
922.717134162;R;52473;insert
922.717378297;R;52564;insert
922.717561398;R;52565;insert
922.717713982;R;52566;insert
922.717958116;R;52524;insert
922.718141217;R;52525;insert
922.918793968;W;52402;insert
923.219177687;W;52403;insert
923.578033386;R;52662;insert
923.578216497;R;52663;insert
923.578399607;R;52664;insert
923.578582717;W;52404;insert
923.920380481;R;52665;insert
923.920563584;R;52666;insert
923.920746687;W;52405;insert
923.970550456;W;52406;insert
924.171326391;W;52407;insert
924.171753632;W;52408;insert
924.280060043;W;52409;insert
924.397003921;W;52410;insert
924.497254151;W;52411;insert
924.497620356;W;52412;insert
924.546783241;R;52667;insert
924.546966348;W;52413;insert
925.098054291;W;52414;insert
925.683533650;R;52669;insert
925.683747273;R;52670;insert
925.685700406;W;52415;insert
925.686402313;W;52288;insert
925.984649843;W;52289;insert
926.135040395;W;52290;insert
926.135498171;W;52291;insert
926.136261131;E;822;jffs2_gcd_mtd5
926.136871499;R;52608;jffs2_gcd_mtd5
926.137054609;R;52609;jffs2_gcd_mtd5
926.137237719;R;52610;jffs2_gcd_mtd5
926.137420830;R;52611;jffs2_gcd_mtd5
926.137603940;R;52612;jffs2_gcd_mtd5
926.137787050;R;52613;jffs2_gcd_mtd5
926.138000679;R;52614;jffs2_gcd_mtd5
926.138153271;R;52615;jffs2_gcd_mtd5
926.138366900;R;52616;jffs2_gcd_mtd5
926.138519491;R;52617;jffs2_gcd_mtd5
926.138733120;R;52618;jffs2_gcd_mtd5
926.138885712;R;52619;jffs2_gcd_mtd5
926.139099341;R;52620;jffs2_gcd_mtd5
926.139282451;R;52621;jffs2_gcd_mtd5
926.139465562;R;52622;jffs2_gcd_mtd5
926.139648672;R;52623;jffs2_gcd_mtd5
926.139831782;R;52624;jffs2_gcd_mtd5
926.140014893;R;52625;jffs2_gcd_mtd5
926.140198003;R;52626;jffs2_gcd_mtd5
926.140381113;R;52627;jffs2_gcd_mtd5
926.140564224;R;52628;jffs2_gcd_mtd5
926.140747334;R;52629;jffs2_gcd_mtd5
926.140930444;R;52630;jffs2_gcd_mtd5
926.141113555;R;52631;jffs2_gcd_mtd5
926.141296665;R;52632;jffs2_gcd_mtd5
926.141479775;R;52633;jffs2_gcd_mtd5
926.141662886;R;52634;jffs2_gcd_mtd5
926.141845996;R;52635;jffs2_gcd_mtd5
926.142029106;R;52636;jffs2_gcd_mtd5
926.142273253;R;52637;jffs2_gcd_mtd5
926.142731025;R;52638;jffs2_gcd_mtd5
926.142914134;R;52639;jffs2_gcd_mtd5
926.143097243;R;52640;jffs2_gcd_mtd5
926.143280351;R;52641;jffs2_gcd_mtd5
926.143463460;R;52642;jffs2_gcd_mtd5
926.143646569;R;52643;jffs2_gcd_mtd5
926.143829678;R;52644;jffs2_gcd_mtd5
926.144012787;R;52645;jffs2_gcd_mtd5
926.144195896;R;52646;jffs2_gcd_mtd5
926.144379004;R;52647;jffs2_gcd_mtd5
926.144592631;R;52648;jffs2_gcd_mtd5
926.144745222;R;52649;jffs2_gcd_mtd5
926.144958849;R;52650;jffs2_gcd_mtd5
926.145111440;R;52651;jffs2_gcd_mtd5
926.145325067;R;52652;jffs2_gcd_mtd5
926.145477657;R;52653;jffs2_gcd_mtd5
926.146026984;R;52654;jffs2_gcd_mtd5
926.146210093;R;52655;jffs2_gcd_mtd5
926.146423720;R;52656;jffs2_gcd_mtd5
926.146606828;R;52657;jffs2_gcd_mtd5
926.146789937;R;52658;jffs2_gcd_mtd5
926.146973046;R;52659;jffs2_gcd_mtd5
926.147156155;R;52660;jffs2_gcd_mtd5
926.147339264;R;52661;jffs2_gcd_mtd5
926.147522373;R;52662;jffs2_gcd_mtd5
926.147705481;R;52663;jffs2_gcd_mtd5
926.147888590;R;52664;jffs2_gcd_mtd5
926.148071699;R;52665;jffs2_gcd_mtd5
926.148254808;R;52666;jffs2_gcd_mtd5
926.148437917;R;52667;jffs2_gcd_mtd5
926.148621026;R;52668;jffs2_gcd_mtd5
926.148804134;R;52669;jffs2_gcd_mtd5
926.148987243;R;52670;jffs2_gcd_mtd5
926.149170352;R;52671;jffs2_gcd_mtd5
926.293212837;R;52545;insert
926.293426465;R;52546;insert
926.293609574;W;52292;insert
926.653869551;W;52293;insert
927.430695218;R;52548;insert
927.430908836;R;52549;insert
927.431091938;W;52294;insert
927.431610728;W;52295;insert
927.764925634;R;52550;insert
927.765139250;W;52296;insert
927.915468063;W;52297;insert
927.915925813;W;52298;insert
928.065461876;R;52551;insert
928.065644977;R;52552;insert
928.065828079;R;52553;insert
928.065980663;W;52299;insert
928.357881076;W;52300;insert
928.556641398;R;52554;sync_supers
928.556824501;W;52301;sync_supers
928.808717341;W;52302;insert
929.159607002;R;52555;insert
929.159790109;R;52556;insert
929.159973215;W;52303;insert
929.460510621;R;52557;insert
929.460693727;R;52558;insert
929.460846314;R;52559;insert
929.461029420;W;52304;insert
929.510528956;W;52305;insert
929.611175932;W;52306;insert
929.761169720;R;52560;insert
929.761383344;R;52561;insert
929.761566450;W;52307;insert
929.761993698;W;52308;insert
930.297425945;W;52309;insert
931.007020155;R;52562;insert
931.007233777;W;52310;insert
931.266022467;R;52564;insert
931.266205569;R;52565;insert
931.266388672;R;52566;insert
931.266571775;W;52311;insert
931.266968497;W;52312;insert
931.408752420;W;52313;insert
931.508759848;W;52314;insert
931.509187089;W;52315;insert
931.558380089;R;52567;insert
931.558563195;R;52568;insert
931.558746302;W;52316;insert
932.288939355;W;52317;insert
932.953308150;R;52569;insert
932.953521781;W;52318;insert
933.378966753;R;52571;insert
933.379180384;R;52572;insert
933.379332977;R;52573;insert
933.379516089;W;52319;insert
933.379943351;W;52320;insert
933.537993956;W;52321;insert
933.637758029;W;52322;insert
933.690551158;R;52574;insert
933.690734267;R;52575;insert
933.690886859;W;52323;insert
934.274109623;W;52324;insert
934.556640125;R;52576;sync_supers
934.556823239;W;52325;sync_supers
934.867248778;R;52578;insert
934.867431886;R;52579;insert
934.867614993;W;52326;insert
934.868042244;W;52327;insert
935.167817124;R;52580;insert
935.168000228;R;52581;insert
935.168183331;W;52328;insert
935.318756465;W;52329;insert
935.319183707;W;52330;insert
935.468627711;R;52582;insert
935.468810819;R;52583;insert
935.468993926;W;52331;insert
935.718935186;W;52332;insert
936.687649396;R;52584;insert
936.687863038;W;52333;insert
936.688290323;W;52334;insert
936.988494981;R;52586;insert
936.988678086;R;52587;insert
936.988891708;W;52335;insert
937.139283568;W;52336;insert
937.139710806;W;52337;insert
937.297485830;R;52588;insert
937.297668934;R;52589;insert
937.297821520;R;52590;insert
937.298004624;W;52338;insert
937.298492901;W;52339;insert
938.418550469;R;52591;insert
938.418764087;W;52340;insert
938.419191324;W;52341;insert
938.769133187;R;52593;insert
938.769316299;R;52594;insert
938.769499412;W;52342;insert
938.919861187;W;52343;insert
938.920288436;W;52344;insert
939.020050181;W;52345;insert
939.069947608;R;52595;insert
939.070130713;R;52596;insert
939.070313817;R;52597;insert
939.070496921;W;52346;insert
939.070924164;W;52347;insert
939.921786061;W;52348;insert
940.214021169;R;52598;insert
940.214234788;W;52349;insert
940.506286197;R;52600;insert
940.506469307;R;52601;insert
940.506652416;W;52350;insert
940.557527004;R;52602;sync_supers
940.557710103;R;52603;sync_supers
940.559266444;W;52351;sync_supers
940.559998840;W;52224;sync_supers
940.648926296;W;52225;insert
940.798799090;W;52226;insert
940.848754805;R;52604;insert
940.848937911;R;52605;insert
940.849121016;W;52227;insert
941.441863727;W;52228;insert
942.069641347;R;52606;insert
942.069854973;W;52229;insert
942.370361245;R;52480;insert
942.370544351;R;52481;insert
942.370727458;W;52230;insert
942.371185224;W;52231;insert
942.371704025;E;821;jffs2_gcd_mtd5
942.372680593;R;52544;jffs2_gcd_mtd5
942.372894217;R;52545;jffs2_gcd_mtd5
942.373077324;R;52546;jffs2_gcd_mtd5
942.373260430;R;52547;jffs2_gcd_mtd5
942.373443536;R;52548;jffs2_gcd_mtd5
942.373626643;R;52549;jffs2_gcd_mtd5
942.373809749;R;52550;jffs2_gcd_mtd5
942.373992856;R;52551;jffs2_gcd_mtd5
942.374175962;R;52552;jffs2_gcd_mtd5
942.374359069;R;52553;jffs2_gcd_mtd5
942.374542175;R;52554;jffs2_gcd_mtd5
942.374725281;R;52555;jffs2_gcd_mtd5
942.374908388;R;52556;jffs2_gcd_mtd5
942.375091494;R;52557;jffs2_gcd_mtd5
942.375274601;R;52558;jffs2_gcd_mtd5
942.375457707;R;52559;jffs2_gcd_mtd5
942.375640814;R;52560;jffs2_gcd_mtd5
942.375823920;R;52561;jffs2_gcd_mtd5
942.376007026;R;52562;jffs2_gcd_mtd5
942.376190133;R;52563;jffs2_gcd_mtd5
942.376403757;R;52564;jffs2_gcd_mtd5
942.376617383;R;52565;jffs2_gcd_mtd5
942.378112776;R;52566;jffs2_gcd_mtd5
942.378295886;R;52567;jffs2_gcd_mtd5
942.378478995;R;52568;jffs2_gcd_mtd5
942.378662105;R;52569;jffs2_gcd_mtd5
942.378845214;R;52570;jffs2_gcd_mtd5
942.379028324;R;52571;jffs2_gcd_mtd5
942.379241951;R;52572;jffs2_gcd_mtd5
942.379394542;R;52573;jffs2_gcd_mtd5
942.379608170;R;52574;jffs2_gcd_mtd5
942.379760761;R;52575;jffs2_gcd_mtd5
942.379974389;R;52576;jffs2_gcd_mtd5
942.380126980;R;52577;jffs2_gcd_mtd5
942.380340608;R;52578;jffs2_gcd_mtd5
942.380493199;R;52579;jffs2_gcd_mtd5
942.380706827;R;52580;jffs2_gcd_mtd5
942.380889936;R;52581;jffs2_gcd_mtd5
942.381195118;R;52582;jffs2_gcd_mtd5
942.381378228;R;52583;jffs2_gcd_mtd5
942.381774965;R;52584;jffs2_gcd_mtd5
942.381988593;R;52585;jffs2_gcd_mtd5
942.382171702;R;52586;jffs2_gcd_mtd5
942.382354812;R;52587;jffs2_gcd_mtd5
942.382537921;R;52588;jffs2_gcd_mtd5
942.382721030;R;52589;jffs2_gcd_mtd5
942.382904140;R;52590;jffs2_gcd_mtd5
942.383087249;R;52591;jffs2_gcd_mtd5
942.383270359;R;52592;jffs2_gcd_mtd5
942.383453468;R;52593;jffs2_gcd_mtd5
942.383636578;R;52594;jffs2_gcd_mtd5
942.383819687;R;52595;jffs2_gcd_mtd5
942.384002796;R;52596;jffs2_gcd_mtd5
942.384185906;R;52597;jffs2_gcd_mtd5
942.384369015;R;52598;jffs2_gcd_mtd5
942.384613166;R;52599;jffs2_gcd_mtd5
942.384796278;R;52600;jffs2_gcd_mtd5
942.384979391;R;52601;jffs2_gcd_mtd5
942.385162503;R;52602;jffs2_gcd_mtd5
942.385345615;R;52603;jffs2_gcd_mtd5
942.385528728;R;52604;jffs2_gcd_mtd5
942.385711840;R;52605;jffs2_gcd_mtd5
942.385894953;R;52606;jffs2_gcd_mtd5
942.386078065;R;52607;jffs2_gcd_mtd5
942.529511255;W;52232;insert
942.629395846;W;52233;insert
942.679566589;R;52482;insert
942.679749691;W;52234;insert
943.289246291;W;52235;insert
943.890473496;R;52483;insert
943.890656594;R;52484;insert
943.890809176;R;52485;insert
943.891022790;W;52236;insert
944.199311810;R;52486;insert
944.199494923;W;52237;insert
944.199922186;W;52238;insert
944.350098336;W;52239;insert
944.449922076;W;52240;insert
944.541869106;R;52488;insert
944.542052218;R;52489;insert
944.542235330;W;52241;insert
945.134707045;W;52242;insert
945.769256562;R;52490;insert
945.769439669;R;52491;insert
945.769622776;R;52492;insert
945.769805883;W;52243;insert
946.071747525;R;52493;insert
946.071991663;W;52244;insert
946.072418900;W;52245;insert
946.255797123;W;52246;insert
946.364502075;W;52247;insert
946.364929322;W;52248;insert
946.422364438;R;52495;insert
946.422547541;R;52496;insert
946.422730644;W;52249;insert
946.556641586;R;52497;sync_supers
946.556824691;R;52498;sync_supers
946.557007796;R;52499;sync_supers
946.557190902;W;52250;sync_supers
946.557618147;W;52251;sync_supers
947.591766283;R;52500;insert
947.591979911;W;52252;insert
947.592407168;W;52253;insert
947.892456708;R;52502;insert
947.892639810;R;52503;insert
947.892853430;W;52254;insert
948.043151591;W;52255;insert
948.043578841;W;52256;insert
948.193147119;R;52504;insert
948.193330221;R;52505;insert
948.193513323;R;52506;insert
948.193665907;W;52257;insert
948.194093145;W;52258;insert
949.161834289;W;52259;insert
949.454010647;R;52507;insert
949.454224265;W;52260;insert
949.754670399;R;52509;insert
949.754853503;R;52510;insert
949.755036607;W;52261;insert
949.854978390;W;52262;insert
949.957336311;W;52263;insert
950.107086517;R;52511;insert
950.107269625;W;52264;insert
950.107696876;W;52265;insert
951.042296911;W;52266;insert
951.293244648;R;52512;insert
951.293427752;R;52513;insert
951.293610856;R;52514;insert
951.293793959;W;52267;insert
951.693818219;R;52515;insert
951.694001324;W;52268;insert
951.787900954;W;52269;insert
951.886077400;W;52270;insert
952.037446243;R;52517;insert
952.037629347;R;52518;insert
952.037812451;W;52271;insert
952.038239693;W;52272;insert
952.556610083;R;52519;sync_supers
952.556823710;R;52520;sync_supers
952.556976301;R;52521;sync_supers
952.557159410;W;52273;sync_supers
952.687530816;W;52274;insert
953.305299077;R;52522;insert
953.305512695;W;52275;insert
953.305939931;W;52276;insert
953.647705526;R;52524;insert
953.647888633;R;52525;insert
953.648071741;W;52277;insert
953.831695474;W;52278;insert
953.832153246;W;52279;insert
953.940246735;W;52280;insert
954.040894182;R;52526;insert
954.041077285;R;52527;insert
954.041260387;R;52528;insert
954.041412973;W;52281;insert
954.400909756;W;52282;insert
955.169465642;R;52529;insert
955.169679260;W;52283;insert
955.170045461;W;52284;insert
955.511596542;R;52531;insert
955.511779645;R;52532;insert
955.511962748;W;52285;insert
955.664826463;W;52286;insert
955.762116159;W;52287;insert
955.812409282;R;52533;insert
955.812592385;R;52534;insert
955.812775488;R;52535;insert
955.812928074;W;52160;insert
956.372191756;W;52161;insert
956.940063254;R;52536;insert
956.940276879;W;52162;insert
956.940704129;W;52163;insert
957.248901604;R;52538;insert
957.249084713;R;52539;insert
957.249267822;W;52164;insert
957.407989602;W;52165;insert
957.408447377;W;52166;insert
957.549927409;R;52540;insert
957.550141031;W;52167;insert
957.892333147;W;52168;insert
958.556641032;R;52541;sync_supers
958.556854655;R;52542;sync_supers
958.557007243;R;52543;sync_supers
958.557190348;W;52169;sync_supers
958.557617593;W;52170;sync_supers
958.988434411;W;52171;insert
959.138764435;W;52172;insert
959.139252698;W;52173;insert
959.140015608;E;820;jffs2_gcd_mtd5
959.140992134;R;52480;jffs2_gcd_mtd5
959.141175233;R;52481;jffs2_gcd_mtd5
959.141388848;R;52482;jffs2_gcd_mtd5
959.141571946;R;52483;jffs2_gcd_mtd5
959.141755045;R;52484;jffs2_gcd_mtd5
959.141938143;R;52485;jffs2_gcd_mtd5
959.142121242;R;52486;jffs2_gcd_mtd5
959.142365374;R;52487;jffs2_gcd_mtd5
959.143341895;R;52488;jffs2_gcd_mtd5
959.143524993;R;52489;jffs2_gcd_mtd5
959.143708091;R;52490;jffs2_gcd_mtd5
959.143891189;R;52491;jffs2_gcd_mtd5
959.144074287;R;52492;jffs2_gcd_mtd5
959.144257385;R;52493;jffs2_gcd_mtd5
959.144440482;R;52494;jffs2_gcd_mtd5
959.144623580;R;52495;jffs2_gcd_mtd5
959.144806678;R;52496;jffs2_gcd_mtd5
959.144989776;R;52497;jffs2_gcd_mtd5
959.145172874;R;52498;jffs2_gcd_mtd5
959.145355971;R;52499;jffs2_gcd_mtd5
959.145539069;R;52500;jffs2_gcd_mtd5
959.145722167;R;52501;jffs2_gcd_mtd5
959.145905265;R;52502;jffs2_gcd_mtd5
959.146088363;R;52503;jffs2_gcd_mtd5
959.146271461;R;52504;jffs2_gcd_mtd5
959.146607140;R;52505;jffs2_gcd_mtd5
959.147064885;R;52506;jffs2_gcd_mtd5
959.147247982;R;52507;jffs2_gcd_mtd5
959.147461597;R;52508;jffs2_gcd_mtd5
959.147614178;R;52509;jffs2_gcd_mtd5
959.147827792;R;52510;jffs2_gcd_mtd5
959.148010890;R;52511;jffs2_gcd_mtd5
959.148193988;R;52512;jffs2_gcd_mtd5
959.148377086;R;52513;jffs2_gcd_mtd5
959.148560183;R;52514;jffs2_gcd_mtd5
959.148743281;R;52515;jffs2_gcd_mtd5
959.148926379;R;52516;jffs2_gcd_mtd5
959.149109477;R;52517;jffs2_gcd_mtd5
959.149292575;R;52518;jffs2_gcd_mtd5
959.149475673;R;52519;jffs2_gcd_mtd5
959.149658770;R;52520;jffs2_gcd_mtd5
959.149841868;R;52521;jffs2_gcd_mtd5
959.150086002;R;52522;jffs2_gcd_mtd5
959.150269103;R;52523;jffs2_gcd_mtd5
959.150452203;R;52524;jffs2_gcd_mtd5
959.150635304;R;52525;jffs2_gcd_mtd5
959.150818405;R;52526;jffs2_gcd_mtd5
959.151001506;R;52527;jffs2_gcd_mtd5
959.151184607;R;52528;jffs2_gcd_mtd5
959.151367708;R;52529;jffs2_gcd_mtd5
959.151550808;R;52530;jffs2_gcd_mtd5
959.151733909;R;52531;jffs2_gcd_mtd5
959.151917010;R;52532;jffs2_gcd_mtd5
959.152100111;R;52533;jffs2_gcd_mtd5
959.152283212;R;52534;jffs2_gcd_mtd5
959.152466312;R;52535;jffs2_gcd_mtd5
959.152649413;R;52536;jffs2_gcd_mtd5
959.152832514;R;52537;jffs2_gcd_mtd5
959.153015615;R;52538;jffs2_gcd_mtd5
959.153198716;R;52539;jffs2_gcd_mtd5
959.153381817;R;52540;jffs2_gcd_mtd5
959.153564917;R;52541;jffs2_gcd_mtd5
959.153748018;R;52542;jffs2_gcd_mtd5
959.153931119;R;52543;jffs2_gcd_mtd5
959.338653955;R;52418;insert
959.338837060;R;52419;insert
959.339020165;W;52174;insert
959.438721260;W;52175;insert
960.424529478;R;52420;insert
960.424712588;R;52421;insert
960.424895697;R;52422;insert
960.425078807;W;52176;insert
960.425506062;W;52177;insert
960.741944036;R;52423;insert
960.742127139;W;52178;insert
960.884553593;W;52179;insert
960.884980822;W;52180;insert
961.035340649;W;52181;insert
961.084352428;R;52425;insert
961.084535529;R;52426;insert
961.084718631;W;52182;insert
961.085145868;W;52183;insert
961.929413360;W;52184;insert
962.188568029;R;52427;insert
962.188781655;R;52428;insert
962.188934245;R;52429;insert
962.189178392;W;52185;insert
962.489226914;R;52430;insert
962.489440539;W;52186;insert
962.640107252;W;52187;insert
962.640565013;W;52188;insert
962.798279470;R;52432;insert
962.798554126;R;52433;insert
962.798737228;W;52189;insert
962.799164466;W;52190;insert
963.858855849;W;52191;insert
964.109558364;R;52434;insert
964.109741469;R;52435;insert
964.109924573;R;52436;insert
964.110107677;W;52192;insert
964.401977847;R;52437;insert
964.402191472;W;52193;insert
964.451905045;W;52194;insert
964.552551368;W;52195;insert
964.556549243;R;52439;sync_supers
964.556732355;R;52440;sync_supers
964.556915466;W;52196;sync_supers
964.652557084;W;52197;insert
964.760987422;R;52441;insert
964.761170521;R;52442;insert
964.761323102;W;52198;insert
965.354155019;W;52199;insert
965.891509167;R;52443;insert
965.891692276;W;52200;insert
965.892119530;W;52201;insert
966.158875696;R;52444;insert
966.159089318;R;52445;insert
966.159272423;W;52202;insert
966.293213661;W;52203;insert
966.293671418;W;52204;insert
966.426301393;R;52446;insert
966.426484497;R;52447;insert
966.426637084;W;52205;insert
966.760500199;W;52206;insert
967.612517226;R;52449;insert
967.612700338;R;52450;insert
967.612883450;W;52207;insert
967.613310711;W;52208;insert
967.912995168;R;52451;insert
967.913208786;R;52452;insert
967.913391888;W;52209;insert
968.063812130;W;52210;insert
968.064269896;W;52211;insert
968.164245808;W;52212;insert
968.222291504;R;52453;insert
968.222474607;R;52454;insert
968.222627194;W;52213;insert
968.223054436;W;52214;insert
969.443390419;W;52215;insert
969.744234559;W;52216;insert
970.044708753;W;52217;insert
970.511902681;R;52456;insert
970.512116308;R;52457;insert
970.512299417;W;52218;insert
970.854278516;R;52458;insert
970.854492138;R;52459;insert
970.854675242;W;52219;insert
970.855041452;W;52220;insert
971.105621263;W;52221;insert
971.106048517;W;52222;insert
971.207366697;W;52223;insert
971.314636854;W;52096;insert
971.315094609;W;52097;insert
971.464264167;R;52460;insert
971.464447274;R;52461;insert
971.464630382;W;52098;insert
971.564422452;W;52099;insert
972.658538832;R;52463;insert
972.658721941;R;52464;insert
972.658905049;W;52100;insert
972.659332303;W;52101;insert
972.934356580;R;52465;insert
972.934539684;R;52466;insert
972.934722788;W;52102;insert
973.087677716;W;52103;insert
973.088135468;W;52104;insert
973.236785924;R;52467;insert
973.236969030;R;52468;insert
973.237152135;W;52105;insert
973.587647990;W;52106;insert
974.339326891;R;52469;insert
974.339540512;W;52107;insert
974.339967754;W;52108;insert
974.640075998;R;52471;insert
974.640259104;R;52472;insert
974.640442210;W;52109;insert
974.807527555;W;52110;insert
974.807985306;W;52111;insert
974.958008894;R;52473;insert
974.958222515;W;52112;insert
975.216370810;W;52113;insert
976.085112770;R;52474;insert
976.085295882;R;52475;insert
976.085478993;R;52476;insert
976.085662105;W;52114;insert
976.086089365;W;52115;insert
976.378112117;W;52116;insert
976.511687791;W;52117;insert
976.512115052;W;52118;insert
976.557069199;W;52119;sync_supers
976.611998766;W;52120;insert
976.612822761;E;819;jffs2_gcd_mtd5
976.613433127;R;52416;jffs2_gcd_mtd5
976.613616237;R;52417;jffs2_gcd_mtd5
976.613799347;R;52418;jffs2_gcd_mtd5
976.613982457;R;52419;jffs2_gcd_mtd5
976.614196085;R;52420;jffs2_gcd_mtd5
976.614348677;R;52421;jffs2_gcd_mtd5
976.614562305;R;52422;jffs2_gcd_mtd5
976.614714897;R;52423;jffs2_gcd_mtd5
976.614928525;R;52424;jffs2_gcd_mtd5
976.615081117;R;52425;jffs2_gcd_mtd5
976.615294745;R;52426;jffs2_gcd_mtd5
976.615447337;R;52427;jffs2_gcd_mtd5
976.615660965;R;52428;jffs2_gcd_mtd5
976.615844075;R;52429;jffs2_gcd_mtd5
976.616027185;R;52430;jffs2_gcd_mtd5
976.616210295;R;52431;jffs2_gcd_mtd5
976.616393405;R;52432;jffs2_gcd_mtd5
976.616576515;R;52433;jffs2_gcd_mtd5
976.616759625;R;52434;jffs2_gcd_mtd5
976.616942735;R;52435;jffs2_gcd_mtd5
976.617125845;R;52436;jffs2_gcd_mtd5
976.617308955;R;52437;jffs2_gcd_mtd5
976.617492065;R;52438;jffs2_gcd_mtd5
976.617675175;R;52439;jffs2_gcd_mtd5
976.617858285;R;52440;jffs2_gcd_mtd5
976.618041395;R;52441;jffs2_gcd_mtd5
976.618224505;R;52442;jffs2_gcd_mtd5
976.618407615;R;52443;jffs2_gcd_mtd5
976.618590725;R;52444;jffs2_gcd_mtd5
976.618773835;R;52445;jffs2_gcd_mtd5
976.619262144;R;52446;jffs2_gcd_mtd5
976.619445260;R;52447;jffs2_gcd_mtd5
976.619628376;R;52448;jffs2_gcd_mtd5
976.619811492;R;52449;jffs2_gcd_mtd5
976.619994608;R;52450;jffs2_gcd_mtd5
976.620177724;R;52451;jffs2_gcd_mtd5
976.620391359;R;52452;jffs2_gcd_mtd5
976.620543956;R;52453;jffs2_gcd_mtd5
976.620757591;R;52454;jffs2_gcd_mtd5
976.620910188;R;52455;jffs2_gcd_mtd5
976.621123823;R;52456;jffs2_gcd_mtd5
976.621276419;R;52457;jffs2_gcd_mtd5
976.621490055;R;52458;jffs2_gcd_mtd5
976.621642651;R;52459;jffs2_gcd_mtd5
976.621856287;R;52460;jffs2_gcd_mtd5
976.622039403;R;52461;jffs2_gcd_mtd5
976.622222519;R;52462;jffs2_gcd_mtd5
976.622527712;R;52463;jffs2_gcd_mtd5
976.622954983;R;52464;jffs2_gcd_mtd5
976.623138099;R;52465;jffs2_gcd_mtd5
976.623321215;R;52466;jffs2_gcd_mtd5
976.623504331;R;52467;jffs2_gcd_mtd5
976.623687447;R;52468;jffs2_gcd_mtd5
976.623870563;R;52469;jffs2_gcd_mtd5
976.624053679;R;52470;jffs2_gcd_mtd5
976.624236794;R;52471;jffs2_gcd_mtd5
976.624419910;R;52472;jffs2_gcd_mtd5
976.624603026;R;52473;jffs2_gcd_mtd5
976.624786142;R;52474;jffs2_gcd_mtd5
976.624969258;R;52475;jffs2_gcd_mtd5
976.625152374;R;52476;jffs2_gcd_mtd5
976.625335490;R;52477;jffs2_gcd_mtd5
976.625518606;R;52478;jffs2_gcd_mtd5
976.625701722;R;52479;jffs2_gcd_mtd5
976.721684944;R;52353;insert
976.721868036;R;52354;insert
976.722051128;W;52121;insert
976.722478343;W;52122;insert
977.314758810;W;52123;insert
977.966553096;R;52355;insert
977.966736203;R;52356;insert
977.966919310;W;52124;insert
978.267273423;R;52357;insert
978.267456528;W;52125;insert
978.267883771;W;52126;insert
978.401397841;W;52127;insert
978.492889736;W;52128;insert
978.542786249;R;52359;insert
978.542969352;R;52360;insert
978.543152456;R;52361;insert
978.543335559;W;52129;insert
979.085876755;W;52130;insert
979.637145578;R;52362;insert
979.637328687;R;52363;insert
979.637542314;W;52131;insert
980.079497739;R;52364;insert
980.079680845;R;52365;insert
980.079924995;W;52132;insert
980.080352257;W;52133;insert
980.230317113;W;52134;insert
980.332031746;W;52135;insert
980.382049846;R;52367;insert
980.382232953;R;52368;insert
980.382416059;W;52136;insert
980.949950459;W;52137;insert
981.484559613;R;52369;insert
981.484742714;R;52370;insert
981.484956331;W;52138;insert
981.777130475;R;52371;insert
981.777313578;R;52372;insert
981.777466164;W;52139;insert
981.777893404;W;52140;insert
981.927765149;W;52141;insert
982.027679432;W;52142;insert
982.077942149;R;52373;insert
982.078125256;R;52374;insert
982.078308364;R;52375;insert
982.078491472;W;52143;insert
982.556641557;R;52376;sync_supers
982.556855172;W;52144;sync_supers
982.557282403;W;52145;sync_supers
983.054900443;W;52146;insert
983.205474458;R;52377;insert
983.205688084;R;52378;insert
983.205871192;W;52147;insert
983.547760814;R;52379;insert
983.547943915;R;52380;insert
983.548127015;W;52148;insert
983.698641410;W;52149;insert
983.699099174;W;52150;insert
983.848753848;W;52151;insert
983.898651225;R;52381;insert
983.898834338;W;52152;insert
983.899261602;W;52153;insert
984.777162351;W;52154;insert
985.011200909;R;52383;insert
985.011384013;R;52384;insert
985.011567117;R;52385;insert
985.011750221;W;52155;insert
985.353851250;R;52386;insert
985.354034356;R;52387;insert
985.354217462;W;52156;insert
985.403778033;W;52157;insert
985.554504506;W;52158;insert
985.704405671;W;52159;insert
985.704863446;R;52388;insert
985.705046558;W;52032;insert
986.297334311;W;52033;insert
986.848603827;R;52390;insert
986.848786932;R;52391;insert
986.848970038;R;52392;insert
986.849153143;W;52034;insert
987.149231014;R;52393;insert
987.149444639;R;52394;insert
987.149597229;W;52035;insert
987.150054997;W;52036;insert
987.300049729;W;52037;insert
987.500001241;W;52038;insert
987.550016912;R;52395;insert
987.550200019;W;52039;insert
988.120025935;W;52040;insert
988.556640603;R;52397;sync_supers
988.556823712;R;52398;sync_supers
988.557006820;R;52399;sync_supers
988.557159411;W;52041;sync_supers
988.972046472;R;52405;insert
988.972229574;R;52406;insert
988.972412677;W;52042;insert
988.972839917;W;52043;insert
989.122741342;W;52044;insert
989.222655982;W;52045;insert
989.272767154;R;52411;insert
989.272950258;R;52412;insert
989.273133363;R;52413;insert
989.273316467;W;52046;insert
989.865662437;W;52047;insert
990.450348379;R;52414;insert
990.450562000;W;52048;insert
990.784728814;W;52049;insert
990.785186577;W;52050;insert
990.935180263;W;52051;insert
990.935668555;W;52052;insert
990.936431512;E;818;jffs2_gcd_mtd5
990.937011360;R;52352;jffs2_gcd_mtd5
990.937194470;R;52353;jffs2_gcd_mtd5
990.937408098;R;52354;jffs2_gcd_mtd5
990.937591207;R;52355;jffs2_gcd_mtd5
990.937774317;R;52356;jffs2_gcd_mtd5
990.937957427;R;52357;jffs2_gcd_mtd5
990.938140536;R;52358;jffs2_gcd_mtd5
990.938323646;R;52359;jffs2_gcd_mtd5
990.938506756;R;52360;jffs2_gcd_mtd5
990.938689866;R;52361;jffs2_gcd_mtd5
990.938872975;R;52362;jffs2_gcd_mtd5
990.939056085;R;52363;jffs2_gcd_mtd5
990.939819055;R;52364;jffs2_gcd_mtd5
990.940002167;R;52365;jffs2_gcd_mtd5
990.940215799;R;52366;jffs2_gcd_mtd5
990.940398912;R;52367;jffs2_gcd_mtd5
990.940582024;R;52368;jffs2_gcd_mtd5
990.940765137;R;52369;jffs2_gcd_mtd5
990.940948250;R;52370;jffs2_gcd_mtd5
990.941131363;R;52371;jffs2_gcd_mtd5
990.941314475;R;52372;jffs2_gcd_mtd5
990.941497588;R;52373;jffs2_gcd_mtd5
990.941680701;R;52374;jffs2_gcd_mtd5
990.941863813;R;52375;jffs2_gcd_mtd5
990.942046926;R;52376;jffs2_gcd_mtd5
990.942230039;R;52377;jffs2_gcd_mtd5
990.942413152;R;52378;jffs2_gcd_mtd5
990.942596264;R;52379;jffs2_gcd_mtd5
990.942779377;R;52380;jffs2_gcd_mtd5
990.942962490;R;52381;jffs2_gcd_mtd5
990.943145603;R;52382;jffs2_gcd_mtd5
990.943328715;R;52383;jffs2_gcd_mtd5
990.943878053;R;52384;jffs2_gcd_mtd5
990.944061166;R;52385;jffs2_gcd_mtd5
990.944274798;R;52386;jffs2_gcd_mtd5
990.944457910;R;52387;jffs2_gcd_mtd5
990.944641023;R;52388;jffs2_gcd_mtd5
990.944824136;R;52389;jffs2_gcd_mtd5
990.945007249;R;52390;jffs2_gcd_mtd5
990.945190361;R;52391;jffs2_gcd_mtd5
990.945373474;R;52392;jffs2_gcd_mtd5
990.945556587;R;52393;jffs2_gcd_mtd5
990.945739699;R;52394;jffs2_gcd_mtd5
990.945922812;R;52395;jffs2_gcd_mtd5
990.946105925;R;52396;jffs2_gcd_mtd5
990.946289038;R;52397;jffs2_gcd_mtd5
990.946472150;R;52398;jffs2_gcd_mtd5
990.946655263;R;52399;jffs2_gcd_mtd5
990.946838376;R;52400;jffs2_gcd_mtd5
990.947082531;R;52401;jffs2_gcd_mtd5
990.947265646;R;52402;jffs2_gcd_mtd5
990.947448762;R;52403;jffs2_gcd_mtd5
990.947631878;R;52404;jffs2_gcd_mtd5
990.947814993;R;52405;jffs2_gcd_mtd5
990.947998109;R;52406;jffs2_gcd_mtd5
990.948181225;R;52407;jffs2_gcd_mtd5
990.948364341;R;52408;jffs2_gcd_mtd5
990.948547456;R;52409;jffs2_gcd_mtd5
990.948730572;R;52410;jffs2_gcd_mtd5
990.948913688;R;52411;jffs2_gcd_mtd5
990.949096803;R;52412;jffs2_gcd_mtd5
990.949279919;R;52413;jffs2_gcd_mtd5
990.949463035;R;52414;jffs2_gcd_mtd5
990.949646151;R;52415;jffs2_gcd_mtd5
991.035461037;W;52053;insert
991.084961099;R;52289;insert
991.085144210;R;52290;insert
991.085327320;W;52054;insert
991.779755141;W;52055;insert
992.422821965;W;52056;insert
992.765627362;W;52057;insert
993.024201285;W;52058;insert
993.316496919;R;52292;insert
993.316680027;R;52293;insert
993.316863135;W;52059;insert
993.658843908;R;52294;insert
993.659027017;R;52295;insert
993.659179607;R;52296;insert
993.659362716;W;52060;insert
993.659789970;W;52061;insert
993.943297611;W;52062;insert
993.943755379;W;52063;insert
994.037414675;W;52064;insert
994.135406689;W;52065;insert
994.135833939;W;52066;insert
994.285523065;R;52297;insert
994.285706170;W;52067;insert
994.556610693;R;52299;sync_supers
994.556824313;R;52300;sync_supers
994.557007415;W;52068;sync_supers
994.557434654;W;52069;sync_supers
995.187530956;W;52070;insert
995.481628859;R;52301;insert
995.481842482;R;52302;insert
995.482025588;W;52071;insert
995.791169364;R;52303;insert
995.791382986;R;52304;insert
995.791566090;W;52072;insert
995.840668537;W;52073;insert
995.941438838;W;52074;insert
996.091216599;R;52305;insert
996.091430229;W;52075;insert
996.091857491;W;52076;insert
