0.0;create;2;10
1.0;create;3;10
2.0;create;4;10
3.1;open;3;0;0;0
3.2;write;3;0;280472
3.3;close;3
3.4;reset_stats
4.1;open;2;0;0;0
4.2;write;2;0;329728
4.3;close;2
4.4;reset_stats
5.1;open;4;0;0;0
5.3;close;4
5.4;reset_stats
1000.0;open;2;0;0;0
1000.08999991;read;2;0;100
1000.20000005;read;2;100;1024
1000.3499999;read;2;1124;16
1000.45000005;read;2;1140;1024
1000.54999995;read;2;2164;1024
1000.64999986;read;2;3188;1024
1000.78999996;open;3;0;0;0
1001.27999997;write;3;0;512
1001.37999988;write;3;512;4
1001.48000002;write;3;516;1024
1001.57999992;write;3;1540;4
1001.69000006;write;3;1544;4
1001.79999995;write;3;1548;1024
1001.91999984;write;3;2572;4
1002.15999985;open;4;0;0;0
1002.29999995;close;4
1002.39999986;write;3;2576;12
1002.50999999;write;2;0;1024
1002.61999989;write;2;1024;1024
1002.74000001;write;2;2048;1024
1002.8599999;close;3
1002.98000002;read;2;4212;16
1003.07999992;open;3;0;0;0
1003.18000007;write;3;2588;512
1003.30999994;write;3;3100;4
1003.40999985;write;3;3104;1024
1003.50999999;write;3;4128;4
1003.6099999;write;3;4132;4
1003.71000004;write;3;4136;1024
1003.80999994;write;3;5160;4
1004.0999999;open;4;0;0;0
1004.21000004;close;4
1004.30999994;write;3;5164;12
1004.40999985;write;2;3072;1024
1004.51999998;write;2;4096;1024
1004.65999985;write;2;5120;1024
1004.75999999;close;3
1004.86999989;read;2;4228;16
1004.98000002;open;3;0;0;0
1005.08999991;write;3;5176;512
1005.20000005;write;3;5688;4
1005.29999995;write;3;5692;1024
1005.39999986;write;3;6716;4
1005.50999999;write;3;6720;4
1005.58999991;write;3;6724;1024
1005.69000006;write;3;7748;4
1005.88999987;open;4;0;0;0
1005.99000001;close;4
1006.14999986;write;3;7752;12
1006.25999999;write;2;6144;1024
1006.3599999;write;2;7168;1024
1006.47000003;write;2;8192;1024
1006.56999993;close;3
1006.68000007;read;2;4244;16
1006.77999997;open;3;0;0;0
1006.95000005;write;3;7764;512
1007.04999995;write;3;8276;4
1007.14999986;write;3;8280;1024
1007.30999994;write;3;9304;4
1007.41999984;write;3;9308;4
1007.51999998;write;3;9312;1024
1007.62999988;write;3;10336;4
1007.8499999;open;4;0;0;0
1007.96000004;close;4
1008.07999992;write;3;10340;12
1008.20000005;write;2;9216;1024
1008.30999994;write;2;10240;1024
1008.43000007;write;2;11264;1024
1008.58999991;close;3
1008.69000006;read;2;4260;16
1008.78999996;open;3;0;0;0
1008.88999987;write;3;10352;512
1008.99000001;write;3;10864;4
1009.08999991;write;3;10868;1024
1009.19000006;write;3;11892;4
1009.28999996;write;3;11896;4
1009.40999985;write;3;11900;1024
1009.50999999;write;3;12924;4
1009.72000003;open;4;0;0;0
1009.81999993;close;4
1009.91999984;write;3;12928;12
1010.01999998;write;2;12288;1024
1010.12999988;write;2;13312;1024
1010.24000001;write;2;14336;1024
1010.38999987;close;3
1010.49000001;read;2;4276;16
1010.6099999;open;3;0;0;0
1010.71000004;write;3;12940;512
1010.87999988;write;3;13452;4
1011.05999994;write;3;13456;1024
1011.21000004;write;3;14480;4
1011.30999994;write;3;14484;4
1011.40999985;write;3;14488;1024
1011.51999998;write;3;15512;4
1011.73000002;open;4;0;0;0
1011.82999992;close;4
1011.91999984;write;3;15516;12
1012.00999999;write;2;15360;1024
1012.1099999;write;2;16384;1024
1012.21000004;write;2;17408;1024
1012.30999994;close;3
1012.40999985;read;2;4292;16
1012.50999999;open;3;0;0;0
1012.6099999;write;3;15528;512
1012.71000004;write;3;16040;4
1012.80999994;write;3;16044;1024
1012.90999985;write;3;17068;4
1013.00999999;write;3;17072;4
1013.1099999;write;3;17076;1024
1013.21000004;write;3;18100;4
1013.41999984;open;4;0;0;0
1013.51999998;close;4
1013.68000007;write;3;18104;12
1013.79999995;write;2;18432;1024
1013.93000007;write;2;19456;1024
1014.04999995;write;2;20480;1024
1014.16999984;close;3
1014.26999998;read;2;4308;16
1014.36999989;open;3;0;0;0
1014.47000003;write;3;18116;512
1014.56999993;write;3;18628;4
1014.66999984;write;3;18632;1024
1014.76999998;write;3;19656;4
1014.86999989;write;3;19660;4
1014.97000003;write;3;19664;1024
1015.06999993;write;3;20688;4
1015.26999998;open;4;0;0;0
1015.40999985;close;4
1015.50999999;write;3;20692;12
1015.6099999;write;2;21504;1024
1015.71000004;write;2;22528;1024
1015.8499999;write;2;23552;1024
1015.97000003;close;3
1016.06999993;read;2;4324;16
1016.18000007;open;3;0;0;0
1016.28999996;write;3;20704;512
1016.41999984;write;3;21216;4
1016.52999997;write;3;21220;1024
1016.70000005;write;3;22244;4
1016.79999995;write;3;22248;4
1016.89999986;write;3;22252;1024
1017.0;write;3;23276;4
1017.33999991;open;4;0;0;0
1017.48000002;close;4
1017.57999992;write;3;23280;12
1017.68000007;write;2;24576;1024
1017.77999997;write;2;25600;1024
1017.87999988;write;2;26624;1024
1017.98000002;close;3
1018.07999992;read;2;4340;16
1018.19000006;open;3;0;0;0
1018.29999995;write;3;23292;512
1018.39999986;write;3;23804;4
1018.5;write;3;23808;1024
1018.5999999;write;3;24832;4
1018.70000005;write;3;24836;4
1018.79999995;write;3;24840;1024
1018.95000005;write;3;25864;4
1019.15999985;open;4;0;0;0
1019.26999998;close;4
1019.37999988;write;3;25868;12
1019.5;write;2;27648;1024
1019.65999985;write;2;28672;1024
1019.76999998;write;2;29696;1024
1019.91999984;close;3
1020.03999996;read;2;4356;16
1020.14999986;open;3;0;0;0
1020.28999996;write;3;25880;512
1020.38999987;write;3;26392;4
1020.49000001;write;3;26396;1024
1020.70000005;write;3;27420;4
1020.81999993;write;3;27424;4
1020.98000002;write;3;27428;1024
1021.29999995;write;3;28452;4
1021.50999999;open;4;0;0;0
1021.5999999;close;4
1021.70000005;write;3;28456;12
1021.80999994;write;2;30720;1024
1021.96000004;write;2;31744;1024
1022.05999994;write;2;32768;1024
1022.16999984;close;3
1022.27999997;read;2;4372;16
1022.39999986;open;3;0;0;0
1022.50999999;write;3;28468;512
1022.61999989;write;3;28980;4
1022.72000003;write;3;28984;1024
1022.81999993;write;3;30008;4
1022.91999984;write;3;30012;4
1023.00999999;write;3;30016;1024
1023.08999991;write;3;31040;4
1023.27999997;open;4;0;0;0
1023.37999988;close;4
1023.48000002;write;3;31044;12
1023.58999991;write;2;33792;1024
1023.68000007;write;2;34816;1024
1023.77999997;write;2;35840;1024
1023.88999987;close;3
1023.99000001;read;2;4388;16
1024.12999988;open;3;0;0;0
1024.23000002;write;3;31056;512
1024.33999991;write;3;31568;4
1024.44000006;write;3;31572;1024
1024.54999995;write;3;32596;4
1024.64999986;write;3;32600;4
1024.75;write;3;32604;1024
1024.8499999;write;3;33628;4
1025.11999989;open;4;0;0;0
1025.23000002;close;4
1025.33999991;write;3;33632;12
1025.45000005;write;2;36864;1024
1025.56999993;write;2;37888;1024
1025.68000007;write;2;38912;1024
1025.79999995;close;3
1025.91999984;read;2;4404;16
1026.02999997;open;3;0;0;0
1026.27999997;write;3;33644;512
1026.36999989;write;3;34156;4
1026.48000002;write;3;34160;1024
1026.57999992;write;3;35184;4
1026.68000007;write;3;35188;4
1026.77999997;write;3;35192;1024
1026.87999988;write;3;36216;4
1027.07999992;open;4;0;0;0
1027.18000007;close;4
1027.27999997;write;3;36220;12
1027.37999988;write;2;39936;1024
1027.48000002;write;2;40960;1024
1027.57999992;write;2;41984;1024
1027.68000007;close;3
1027.78999996;read;2;4420;16
1028.0;open;3;0;0;0
1028.1099999;write;3;36232;512
1028.21000004;write;3;36744;4
1028.30999994;write;3;36748;1024
1028.40999985;write;3;37772;4
1028.51999998;write;3;37776;4
1028.61999989;write;3;37780;1024
1028.72000003;write;3;38804;4
1028.93000007;open;4;0;0;0
1029.06999993;close;4
1029.18000007;write;3;38808;12
1029.26999998;write;2;43008;1024
1029.36999989;write;2;44032;1024
1029.51999998;write;2;45056;1024
1029.61999989;close;3
1029.72000003;read;2;4436;16
1029.86999989;open;3;0;0;0
1029.97000003;write;3;38820;512
1030.06999993;write;3;39332;4
1030.16999984;write;3;39336;1024
1030.30999994;write;3;40360;4
1030.40999985;write;3;40364;4
1030.50999999;write;3;40368;1024
1030.6099999;write;3;41392;4
1030.80999994;open;4;0;0;0
1030.98000002;close;4
1031.0999999;write;3;41396;12
1031.25;write;2;46080;1024
1031.3499999;write;2;47104;1024
1031.46000004;write;2;48128;1024
1031.55999994;close;3
1031.71000004;read;2;4452;16
1031.8599999;open;3;0;0;0
1031.96000004;write;3;41408;512
1032.08999991;write;3;41920;4
1032.19000006;write;3;41924;1024
1032.28999996;write;3;42948;4
1032.38999987;write;3;42952;4
1032.49000001;write;3;42956;1024
1032.63999987;write;3;43980;4
1032.83999991;open;4;0;0;0
1032.94000006;close;4
1033.03999996;write;3;43984;12
1033.19000006;write;2;49152;1024
1033.28999996;write;2;50176;1024
1033.38999987;write;2;51200;1024
1033.49000001;close;3
1033.63999987;read;2;4468;16
1033.75;open;3;0;0;0
1033.8499999;write;3;43996;512
1033.97000003;write;3;44508;4
1034.06999993;write;3;44512;1024
1034.16999984;write;3;45536;4
1034.26999998;write;3;45540;4
1034.36999989;write;3;45544;1024
1034.47000003;write;3;46568;4
1034.72000003;open;4;0;0;0
1034.81999993;close;4
1034.93000007;write;3;46572;12
1035.07999992;write;2;52224;1024
1035.18000007;write;2;53248;1024
1035.27999997;write;2;54272;1024
1035.37999988;close;3
1035.49000001;read;2;4484;16
1035.61999989;open;3;0;0;0
1035.75;write;3;46584;512
1035.93000007;write;3;47096;4
1036.03999996;write;3;47100;1024
1036.19000006;write;3;48124;4
1036.29999995;write;3;48128;4
1036.39999986;write;3;48132;1024
1036.50999999;write;3;49156;4
1036.73000002;open;4;0;0;0
1036.82999992;close;4
1036.93000007;write;3;49160;12
1037.02999997;write;2;55296;1024
1037.12999988;write;2;56320;1024
1037.23000002;write;2;57344;1024
1037.32999992;close;3
1037.43000007;read;2;4500;16
1037.52999997;open;3;0;0;0
1037.62999988;write;3;49172;512
1037.73000002;write;3;49684;4
1037.82999992;write;3;49688;1024
1037.93000007;write;3;50712;4
1038.02999997;write;3;50716;4
1038.12999988;write;3;50720;1024
1038.23000002;write;3;51744;4
1038.45000005;open;4;0;0;0
1038.54999995;close;4
1038.65999985;write;3;51748;12
1038.77999997;write;2;58368;1024
1038.95000005;write;2;59392;1024
1039.05999994;write;2;60416;1024
1039.18000007;close;3
1039.29999995;read;2;4516;16
1039.46000004;open;3;0;0;0
1039.55999994;write;3;51760;512
1039.64999986;write;3;52272;4
1039.75999999;write;3;52276;1024
1039.8599999;write;3;53300;4
1039.96000004;write;3;53304;4
1040.06999993;write;3;53308;1024
1040.16999984;write;3;54332;4
1040.36999989;open;4;0;0;0
1040.47000003;close;4
1040.56999993;write;3;54336;12
1040.68000007;write;2;61440;1024
1040.77999997;write;2;62464;1024
1040.88999987;write;2;63488;1024
1041.00999999;close;3
1041.22000003;read;2;4532;16
1041.31999993;open;3;0;0;0
1041.41999984;write;3;54348;512
1041.52999997;write;3;54860;4
1041.62999988;write;3;54864;1024
1041.73000002;write;3;55888;4
1041.82999992;write;3;55892;4
1041.93000007;write;3;55896;1024
1042.02999997;write;3;56920;4
1042.27999997;open;4;0;0;0
1042.38999987;close;4
1042.49000001;write;3;56924;12
1042.5999999;write;2;64512;1024
1042.75;write;2;65536;1024
1042.8599999;write;2;66560;1024
1042.96000004;close;3
1043.06999993;read;2;4548;16
1043.22000003;open;3;0;0;0
1043.33999991;write;3;56936;512
1043.46000004;write;3;57448;4
1043.56999993;write;3;57452;1024
1043.72000003;write;3;58476;4
1043.82999992;write;3;58480;4
1043.95000005;write;3;58484;1024
1044.1099999;write;3;59508;4
1044.33999991;open;4;0;0;0
1044.45000005;close;4
1044.54999995;write;3;59512;12
1044.69000006;write;2;67584;1024
1044.78999996;write;2;68608;1024
1044.88999987;write;2;69632;1024
1044.99000001;close;3
1045.08999991;read;2;4564;16
1045.19000006;open;3;0;0;0
1045.28999996;write;3;59524;512
1045.38999987;write;3;60036;4
1045.49000001;write;3;60040;1024
1045.58999991;write;3;61064;4
1045.69000006;write;3;61068;4
1045.82999992;write;3;61072;1024
1046.03999996;write;3;62096;4
1046.46000004;open;4;0;0;0
1046.56999993;close;4
1046.66999984;write;3;62100;12
1046.77999997;write;2;70656;1024
1046.87999988;write;2;71680;1024
1046.98000002;write;2;72704;1024
1047.12999988;close;3
1047.24000001;read;2;4580;16
1047.33999991;open;3;0;0;0
1047.45000005;write;3;62112;512
1047.55999994;write;3;62624;4
1047.65999985;write;3;62628;1024
1047.75999999;write;3;63652;4
1047.86999989;write;3;63656;4
1047.97000003;write;3;63660;1024
1048.07999992;write;3;64684;4
1048.29999995;open;4;0;0;0
1048.44000006;close;4
1048.51999998;write;3;64688;12
1048.64999986;write;2;73728;1024
1048.78999996;write;2;74752;1024
1048.88999987;write;2;75776;1024
1048.99000001;close;3
1049.08999991;read;2;4596;16
1049.23000002;open;3;0;0;0
1049.32999992;write;3;64700;512
1049.43000007;write;3;65212;4
1049.52999997;write;3;65216;1024
1049.62999988;write;3;66240;4
1049.73000002;write;3;66244;4
1049.83999991;write;3;66248;1024
1049.94000006;write;3;67272;4
1050.19000006;open;4;0;0;0
1050.27999997;close;4
1050.37999988;write;3;67276;12
1050.49000001;write;2;76800;1024
1050.58999991;write;2;77824;1024
1050.75;write;2;78848;1024
1050.8599999;close;3
1050.98000002;read;2;4612;16
1051.15999985;open;3;0;0;0
1051.25999999;write;3;67288;512
1051.37999988;write;3;67800;4
1051.5;write;3;67804;1024
1051.64999986;write;3;68828;4
1051.75;write;3;68832;4
1051.8499999;write;3;68836;1024
1051.95000005;write;3;69860;4
1052.14999986;open;4;0;0;0
1052.25;close;4
1052.5;write;3;69864;12
1052.5999999;write;2;79872;1024
1052.70000005;write;2;80896;1024
1052.80999994;write;2;81920;1024
1052.90999985;close;3
1053.00999999;read;2;4628;16
1053.12999988;open;3;0;0;0
1053.24000001;write;3;69876;512
1053.33999991;write;3;70388;4
1053.44000006;write;3;70392;1024
1053.54999995;write;3;71416;4
1053.64999986;write;3;71420;4
1053.78999996;write;3;71424;1024
1053.88999987;write;3;72448;4
1054.13999987;open;4;0;0;0
1054.24000001;close;4
1054.33999991;write;3;72452;12
1054.44000006;write;2;82944;1024
1054.57999992;write;2;83968;1024
1054.68000007;write;2;84992;1024
1054.77999997;close;3
1054.87999988;read;2;4644;16
1055.02999997;open;3;0;0;0
1055.12999988;write;3;72464;512
1055.23000002;write;3;72976;4
1055.37999988;write;3;72980;1024
1055.48000002;write;3;74004;4
1055.57999992;write;3;74008;4
1055.68000007;write;3;74012;1024
1055.82999992;write;3;75036;4
1056.02999997;open;4;0;0;0
1056.31999993;close;4
1056.41999984;write;3;75040;12
1056.51999998;write;2;86016;1024
1056.65999985;write;2;87040;1024
1056.76999998;write;2;88064;1024
1056.87999988;close;3
1056.99000001;read;2;4660;16
1057.1099999;open;3;0;0;0
1057.23000002;write;3;75052;512
1057.33999991;write;3;75564;4
1057.46000004;write;3;75568;1024
1057.57999992;write;3;76592;4
1057.69000006;write;3;76596;4
1057.80999994;write;3;76600;1024
1057.91999984;write;3;77624;4
1058.16999984;open;4;0;0;0
1058.26999998;close;4
1058.36999989;write;3;77628;12
1058.47000003;write;2;89088;1024
1058.68000007;write;2;90112;1024
1058.77999997;write;2;91136;1024
1058.87999988;close;3
1058.98000002;read;2;4676;16
1059.07999992;open;3;0;0;0
1059.18000007;write;3;77640;512
1059.27999997;write;3;78152;4
1059.37999988;write;3;78156;1024
1059.48000002;write;3;79180;4
1059.57999992;write;3;79184;4
1059.68000007;write;3;79188;1024
1059.77999997;write;3;80212;4
1059.99000001;open;4;0;0;0
1060.0999999;close;4
1060.20000005;write;3;80216;12
1060.3599999;write;2;92160;1024
1060.46000004;write;2;93184;1024
1060.57999992;write;2;94208;1024
1060.69000006;close;3
1060.8499999;read;2;4692;16
1060.96000004;open;3;0;0;0
1061.20000005;write;3;80228;512
1061.30999994;write;3;80740;4
1061.40999985;write;3;80744;1024
1061.50999999;write;3;81768;4
1061.6099999;write;3;81772;4
1061.71000004;write;3;81776;1024
1061.80999994;write;3;82800;4
1062.01999998;open;4;0;0;0
1062.1099999;close;4
1062.21000004;write;3;82804;12
1062.31999993;write;2;95232;1024
1062.41999984;write;2;96256;1024
1062.56999993;write;2;97280;1024
1062.66999984;close;3
1062.76999998;read;2;4708;16
1062.87999988;open;3;0;0;0
1063.02999997;write;3;82816;512
1063.12999988;write;3;83328;4
1063.23000002;write;3;83332;1024
1063.32999992;write;3;84356;4
1063.45000005;write;3;84360;4
1063.56999993;write;3;84364;1024
1063.68000007;write;3;85388;4
1063.91999984;open;4;0;0;0
1064.07999992;close;4
1064.20000005;write;3;85392;12
1064.29999995;write;2;98304;1024
1064.39999986;write;2;99328;1024
1064.5;write;2;100352;1024
1064.5999999;close;3
1064.71000004;read;2;4724;16
1064.79999995;open;3;0;0;0
1064.90999985;write;3;85404;512
1065.01999998;write;3;85916;4
1065.0999999;write;3;85920;1024
1065.25;write;3;86944;4
1065.3499999;write;3;86948;4
1065.45000005;write;3;86952;1024
1065.58999991;write;3;87976;4
1065.78999996;open;4;0;0;0
1065.88999987;close;4
1065.99000001;write;3;87980;12
1066.12999988;write;2;101376;1024
1066.22000003;write;2;102400;1024
1066.31999993;write;2;103424;1024
1066.43000007;close;3
1066.52999997;read;2;4740;16
1066.66999984;open;3;0;0;0
1066.83999991;write;3;87992;512
1066.96000004;write;3;88504;4
1067.05999994;write;3;88508;1024
1067.16999984;write;3;89532;4
1067.26999998;write;3;89536;4
1067.38999987;write;3;89540;1024
1067.5;write;3;90564;4
1067.65999985;write;3;90568;4
1067.75999999;write;3;90572;1024
1067.89999986;write;3;91596;4
1068.06999993;read;2;4756;1024
1068.16999984;read;2;5780;1024
1068.32999992;write;3;91600;4
1068.50999999;write;3;91604;1024
1068.69000006;write;3;92628;4
1068.78999996;write;3;92632;4
1068.95000005;write;3;92636;1024
1069.0999999;write;3;93660;4
1069.3599999;open;4;0;0;0
1069.50999999;close;4
1069.61999989;write;3;93664;12
1069.76999998;write;2;104448;1024
1069.91999984;write;2;105472;1024
1070.02999997;write;2;106496;1024
1070.23000002;write;2;107520;1024
1070.38999987;write;2;108544;1024
1070.58999991;write;2;109568;1024
1070.74000001;close;3
1070.95000005;read;2;6804;16
1071.20000005;open;3;0;0;0
1071.3499999;write;3;93676;512
1071.46000004;write;3;94188;4
1071.65999985;write;3;94192;1024
1071.80999994;write;3;95216;4
1071.97000003;write;3;95220;4
1072.06999993;write;3;95224;1024
1072.22000003;write;3;96248;4
1072.49000001;open;4;0;0;0
1072.58999991;close;4
1072.73000002;write;3;96252;12
1072.82999992;write;2;110592;1024
1072.93000007;write;2;111616;1024
1073.02999997;write;2;112640;1024
1073.12999988;close;3
1073.23000002;read;2;6820;16
1073.37999988;open;3;0;0;0
1073.49000001;write;3;96264;512
1073.58999991;write;3;96776;4
1073.69000006;write;3;96780;1024
1073.82999992;write;3;97804;4
1073.93000007;write;3;97808;4
1074.02999997;write;3;97812;1024
1074.18000007;write;3;98836;4
1074.38999987;open;4;0;0;0
1074.49000001;close;4
1074.58999991;write;3;98840;12
1074.70000005;write;2;113664;1024
1074.79999995;write;2;114688;1024
1074.89999986;write;2;115712;1024
1075.04999995;close;3
1075.15999985;read;2;6836;16
1075.25999999;open;3;0;0;0
1075.3599999;write;3;98852;512
1075.46000004;write;3;99364;4
1075.55999994;write;3;99368;1024
1075.65999985;write;3;100392;4
1075.75999999;write;3;100396;4
1075.8599999;write;3;100400;1024
1075.96000004;write;3;101424;4
1076.22000003;open;4;0;0;0
1076.31999993;close;4
1076.41999984;write;3;101428;12
1076.51999998;write;2;116736;1024
1076.61999989;write;2;117760;1024
1076.72000003;write;2;118784;1024
1076.81999993;close;3
1076.93000007;read;2;6852;16
1077.04999995;open;3;0;0;0
1077.22000003;write;3;101440;512
1077.33999991;write;3;101952;4
1077.44000006;write;3;101956;1024
1077.54999995;write;3;102980;4
1077.66999984;write;3;102984;4
1077.77999997;write;3;102988;1024
1077.87999988;write;3;104012;4
1078.07999992;open;4;0;0;0
1078.19000006;close;4
1078.32999992;write;3;104016;12
1078.43000007;write;2;119808;1024
1078.52999997;write;2;120832;1024
1078.62999988;write;2;121856;1024
1078.77999997;close;3
1078.87999988;read;2;6868;16
1078.98000002;open;3;0;0;0
1079.07999992;write;3;104028;512
1079.18000007;write;3;104540;4
1079.27999997;write;3;104544;1024
1079.37999988;write;3;105568;4
1079.48000002;write;3;105572;4
1079.57999992;write;3;105576;1024
1079.68000007;write;3;106600;4
1079.88999987;open;4;0;0;0
1079.99000001;close;4
1080.08999991;write;3;106604;12
1080.20000005;write;2;122880;1024
1080.30999994;write;2;123904;1024
1080.41999984;write;2;124928;1024
1080.52999997;close;3
1080.64999986;read;2;6884;16
1080.79999995;open;3;0;0;0
1080.91999984;write;3;106616;512
1081.03999996;write;3;107128;4
1081.26999998;write;3;107132;1024
1081.38999987;write;3;108156;4
1081.49000001;write;3;108160;4
1081.62999988;write;3;108164;1024
1081.73000002;write;3;109188;4
1081.93000007;open;4;0;0;0
1082.0999999;close;4
1082.20000005;write;3;109192;12
1082.29999995;write;2;125952;1024
1082.39999986;write;2;126976;1024
1082.5;write;2;128000;1024
1082.5999999;close;3
1082.75;read;2;6900;16
1082.8599999;open;3;0;0;0
1082.97000003;write;3;109204;512
1083.06999993;write;3;109716;4
1083.16999984;write;3;109720;1024
1083.26999998;write;3;110744;4
1083.37999988;write;3;110748;4
1083.48000002;write;3;110752;1024
1083.62999988;write;3;111776;4
1083.83999991;open;4;0;0;0
1083.95000005;close;4
1084.04999995;write;3;111780;12
1084.14999986;write;2;129024;1024
1084.29999995;write;2;130048;1024
1084.40999985;write;2;131072;1024
1084.51999998;close;3
1084.65999985;read;2;6916;16
1084.75;open;3;0;0;0
1084.8499999;write;3;111792;512
1084.95000005;write;3;112304;4
1085.04999995;write;3;112308;1024
1085.14999986;write;3;113332;4
1085.25;write;3;113336;4
1085.3499999;write;3;113340;1024
1085.45000005;write;3;114364;4
1085.69000006;open;4;0;0;0
1085.79999995;close;4
1085.89999986;write;3;114368;12
1086.05999994;write;2;132096;1024
1086.15999985;write;2;133120;1024
1086.25999999;write;2;134144;1024
1086.36999989;close;3
1086.47000003;read;2;6932;16
1086.57999992;open;3;0;0;0
1086.69000006;write;3;114380;512
1086.79999995;write;3;114892;4
1086.89999986;write;3;114896;1024
1087.01999998;write;3;115920;4
1087.13999987;write;3;115924;4
1087.25;write;3;115928;1024
1087.3599999;write;3;116952;4
1087.5999999;open;4;0;0;0
1087.70000005;close;4
1087.79999995;write;3;116956;12
1087.90999985;write;2;135168;1024
1088.00999999;write;2;136192;1024
1088.1099999;write;2;137216;1024
1088.21000004;close;3
1088.30999994;read;2;6948;16
1088.40999985;open;3;0;0;0
1088.50999999;write;3;116968;512
1088.6099999;write;3;117480;4
1088.75;write;3;117484;1024
1088.8499999;write;3;118508;4
1088.95000005;write;3;118512;4
1089.08999991;write;3;118516;1024
1089.19000006;write;3;119540;4
1089.38999987;open;4;0;0;0
1089.53999996;close;4
1089.63999987;write;3;119544;12
1089.74000001;write;2;138240;1024
1089.87999988;write;2;139264;1024
1089.99000001;write;2;140288;1024
1090.08999991;close;3
1090.20000005;read;2;6964;16
1090.29999995;open;3;0;0;0
1090.40999985;write;3;119556;512
1090.51999998;write;3;120068;4
1090.62999988;write;3;120072;1024
1090.73000002;write;3;121096;4
1090.86999989;write;3;121100;4
1090.97000003;write;3;121104;1024
1091.06999993;write;3;122128;4
1091.37999988;open;4;0;0;0
1091.48000002;close;4
1091.57999992;write;3;122132;12
1091.68000007;write;2;141312;1024
1091.77999997;write;2;142336;1024
1091.87999988;write;2;143360;1024
1091.98000002;close;3
1092.08999991;read;2;6980;16
1092.18000007;open;3;0;0;0
1092.27999997;write;3;122144;512
1092.37999988;write;3;122656;4
1092.48000002;write;3;122660;1024
1092.57999992;write;3;123684;4
1092.68000007;write;3;123688;4
1092.77999997;write;3;123692;1024
1092.87999988;write;3;124716;4
1093.08999991;open;4;0;0;0
1093.19000006;close;4
1093.28999996;write;3;124720;12
1093.38999987;write;2;144384;1024
1093.49000001;write;2;145408;1024
1093.5999999;write;2;146432;1024
1093.76999998;close;3
1093.86999989;read;2;6996;16
1093.97000003;open;3;0;0;0
1094.06999993;write;3;124732;512
1094.16999984;write;3;125244;4
1094.26999998;write;3;125248;1024
1094.36999989;write;3;126272;4
1094.47000003;write;3;126276;4
1094.56999993;write;3;126280;1024
1094.66999984;write;3;127304;4
1094.91999984;open;4;0;0;0
1095.01999998;close;4
1095.23000002;write;3;127308;12
1095.37999988;write;2;147456;1024
1095.48000002;write;2;148480;1024
1095.5999999;write;2;149504;1024
1095.70000005;close;3
1095.79999995;read;2;7012;16
1095.89999986;open;3;0;0;0
1096.0;write;3;127320;512
1096.24000001;write;3;127832;4
1096.32999992;write;3;127836;1024
1096.43000007;write;3;128860;4
1096.52999997;write;3;128864;4
1096.68000007;write;3;128868;1024
1096.77999997;write;3;129892;4
1096.98000002;open;4;0;0;0
1097.06999993;close;4
1097.20000005;write;3;129896;12
1097.28999996;write;2;150528;1024
1097.37999988;write;2;151552;1024
1097.48000002;write;2;152576;1024
1097.57999992;close;3
1097.68000007;read;2;7028;16
1097.76999998;open;3;0;0;0
1097.93000007;write;3;129908;512
1098.02999997;write;3;130420;4
1098.12999988;write;3;130424;1024
1098.23000002;write;3;131448;4
1098.32999992;write;3;131452;4
1098.43000007;write;3;131456;1024
1098.52999997;write;3;132480;4
1098.74000001;open;4;0;0;0
1098.82999992;close;4
1098.93000007;write;3;132484;12
1099.03999996;write;2;153600;1024
1099.12999988;write;2;154624;1024
1099.24000001;write;2;155648;1024
1099.33999991;close;3
1099.45000005;read;2;7044;16
1099.54999995;open;3;0;0;0
1099.64999986;write;3;132496;512
1099.75999999;write;3;133008;4
1099.8599999;write;3;133012;1024
1099.95000005;write;3;134036;4
1100.03999996;write;3;134040;4
1100.12999988;write;3;134044;1024
1100.23000002;write;3;135068;4
1100.41999984;open;4;0;0;0
1100.51999998;close;4
1100.61999989;write;3;135072;12
1100.72000003;write;2;156672;1024
1100.81999993;write;2;157696;1024
1100.91999984;write;2;158720;1024
1101.01999998;close;3
1101.12999988;read;2;7060;16
1101.22000003;open;3;0;0;0
1101.32999992;write;3;135084;512
1101.43000007;write;3;135596;4
1101.52999997;write;3;135600;1024
1101.65999985;write;3;136624;4
1101.82999992;write;3;136628;4
1101.93000007;write;3;136632;1024
1102.02999997;write;3;137656;4
1102.23000002;open;4;0;0;0
1102.38999987;close;4
1102.49000001;write;3;137660;12
1102.58999991;write;2;159744;1024
1102.70000005;write;2;160768;1024
1102.79999995;write;2;161792;1024
1102.89999986;close;3
1102.99000001;read;2;7076;16
1103.13999987;open;3;0;0;0
1103.24000001;write;3;137672;512
1103.33999991;write;3;138184;4
1103.44000006;write;3;138188;1024
1103.57999992;write;3;139212;4
1103.68000007;write;3;139216;4
1103.77999997;write;3;139220;1024
1103.87999988;write;3;140244;4
1104.11999989;open;4;0;0;0
1104.22000003;close;4
1104.31999993;write;3;140248;12
1104.43000007;write;2;162816;1024
1104.51999998;write;2;163840;1024
1104.61999989;write;2;164864;1024
1104.73000002;close;3
1104.82999992;read;2;7092;16
1104.93000007;open;3;0;0;0
1105.02999997;write;3;140260;512
1105.12999988;write;3;140772;4
1105.23000002;write;3;140776;1024
1105.38999987;write;3;141800;4
1105.49000001;write;3;141804;4
1105.5999999;write;3;141808;1024
1105.70000005;write;3;142832;4
1105.87999988;open;4;0;0;0
1105.97000003;close;4
1106.05999994;write;3;142836;12
1106.15999985;write;2;165888;1024
1106.25999999;write;2;166912;1024
1106.3599999;write;2;167936;1024
1106.46000004;close;3
1106.56999993;read;2;7108;16
1106.71000004;open;3;0;0;0
1106.80999994;write;3;142848;512
1106.90999985;write;3;143360;4
1106.99000001;write;3;143364;1024
1107.08999991;write;3;144388;4
1107.19000006;write;3;144392;4
1107.28999996;write;3;144396;1024
1107.40999985;write;3;145420;4
1107.5999999;open;4;0;0;0
1107.70000005;close;4
1107.79999995;write;3;145424;12
1107.94000006;write;2;168960;1024
1108.03999996;write;2;169984;1024
1108.14999986;write;2;171008;1024
1108.25;close;3
1108.3499999;read;2;7124;16
1108.45000005;open;3;0;0;0
1108.54999995;write;3;145436;512
1108.64999986;write;3;145948;4
1108.73000002;write;3;145952;1024
1108.81999993;write;3;146976;4
1108.89999986;write;3;146980;4
1109.0;write;3;146984;1024
1109.08999991;write;3;148008;4
1109.32999992;open;4;0;0;0
1109.43000007;close;4
1109.51999998;write;3;148012;12
1109.61999989;write;2;172032;1024
1109.76999998;write;2;173056;1024
1109.86999989;write;2;174080;1024
1109.98000002;close;3
1110.12999988;read;2;7140;16
1110.23000002;open;3;0;0;0
1110.31999993;write;3;148024;512
1110.43000007;write;3;148536;4
1110.56999993;write;3;148540;1024
1110.66999984;write;3;149564;4
1110.76999998;write;3;149568;4
1110.90999985;write;3;149572;1024
1111.00999999;write;3;150596;4
1111.24000001;open;4;0;0;0
1111.37999988;close;4
1111.48000002;write;3;150600;12
1111.57999992;write;2;175104;1024
1111.74000001;write;2;176128;1024
1111.83999991;write;2;177152;1024
1111.95000005;close;3
1112.05999994;read;2;7156;16
1112.16999984;open;3;0;0;0
1112.27999997;write;3;150612;512
1112.37999988;write;3;151124;4
1112.48000002;write;3;151128;1024
1112.57999992;write;3;152152;4
1112.65999985;write;3;152156;4
1112.79999995;write;3;152160;1024
1112.87999988;write;3;153184;4
1113.07999992;open;4;0;0;0
1113.22000003;close;4
1113.31999993;write;3;153188;12
1113.43000007;write;2;178176;1024
1113.52999997;write;2;179200;1024
1113.68000007;write;2;180224;1024
1113.78999996;close;3
1113.88999987;read;2;7172;16
1113.99000001;open;3;0;0;0
1114.08999991;write;3;153200;512
1114.19000006;write;3;153712;4
1114.28999996;write;3;153716;1024
1114.38999987;write;3;154740;4
1114.49000001;write;3;154744;4
1114.58999991;write;3;154748;1024
1114.69000006;write;3;155772;4
1114.88999987;open;4;0;0;0
1114.99000001;close;4
1115.08999991;write;3;155776;12
1115.20000005;write;2;181248;1024
1115.29999995;write;2;182272;1024
1115.39999986;write;2;183296;1024
1115.50999999;close;3
1115.5999999;read;2;7188;16
1115.69000006;open;3;0;0;0
1115.78999996;write;3;155788;512
1116.12999988;write;3;156300;4
1116.22000003;write;3;156304;1024
1116.31999993;write;3;157328;4
1116.41999984;write;3;157332;4
1116.52999997;write;3;157336;1024
1116.66999984;write;3;158360;4
1116.86999989;open;4;0;0;0
1116.97000003;close;4
1117.06999993;write;3;158364;12
1117.16999984;write;2;184320;1024
1117.31999993;write;2;185344;1024
1117.41999984;write;2;186368;1024
1117.51999998;close;3
1117.61999989;read;2;7204;16
1117.73000002;open;3;0;0;0
1117.82999992;write;3;158376;512
1117.93000007;write;3;158888;4
1118.14999986;write;3;158892;1024
1118.25;write;3;159916;4
1118.3499999;write;3;159920;4
1118.45000005;write;3;159924;1024
1118.54999995;write;3;160948;4
1118.74000001;open;4;0;0;0
1118.81999993;close;4
1118.96000004;write;3;160952;12
1119.03999996;write;2;187392;1024
1119.12999988;write;2;188416;1024
1119.22000003;write;2;189440;1024
1119.30999994;close;3
1119.39999986;read;2;7220;16
1119.49000001;open;3;0;0;0
1119.57999992;write;3;160964;512
1119.66999984;write;3;161476;4
1119.79999995;write;3;161480;1024
1119.89999986;write;3;162504;4
1120.0;write;3;162508;4
1120.0999999;write;3;162512;1024
1120.25;write;3;163536;4
1120.45000005;open;4;0;0;0
1120.55999994;close;4
1120.65999985;write;3;163540;12
1120.75999999;write;2;190464;1024
1120.91999984;write;2;191488;1024
1121.01999998;write;2;192512;1024
1121.11999989;close;3
1121.22000003;read;2;7236;16
1121.36999989;open;3;0;0;0
1121.47000003;write;3;163552;512
1121.56999993;write;3;164064;4
1121.66999984;write;3;164068;1024
1121.75999999;write;3;165092;4
1121.8499999;write;3;165096;4
1121.94000006;write;3;165100;1024
1122.02999997;write;3;166124;4
1122.22000003;open;4;0;0;0
1122.31999993;close;4
1122.41999984;write;3;166128;12
1122.51999998;write;2;193536;1024
1122.61999989;write;2;194560;1024
1122.72000003;write;2;195584;1024
1122.82999992;close;3
1122.93000007;read;2;7252;16
1123.02999997;open;3;0;0;0
1123.12999988;write;3;166140;512
1123.27999997;write;3;166652;4
1123.37999988;write;3;166656;1024
1123.48000002;write;3;167680;4
1123.57999992;write;3;167684;4
1123.77999997;write;3;167688;1024
1123.88999987;write;3;168712;4
1124.13999987;open;4;0;0;0
1124.24000001;close;4
1124.33999991;write;3;168716;12
1124.49000001;write;2;196608;1024
1124.58999991;write;2;197632;1024
1124.70000005;write;2;198656;1024
1124.82999992;close;3
1124.91999984;read;2;7268;16
1125.01999998;open;3;0;0;0
1125.1099999;write;3;168728;512
1125.20000005;write;3;169240;4
1125.28999996;write;3;169244;1024
1125.37999988;write;3;170268;4
1125.47000003;write;3;170272;4
1125.55999994;write;3;170276;1024
1125.63999987;write;3;171300;4
1125.87999988;open;4;0;0;0
1125.98000002;close;4
1126.07999992;write;3;171304;12
1126.18000007;write;2;199680;1024
1126.27999997;write;2;200704;1024
1126.37999988;write;2;201728;1024
1126.48000002;close;3
1126.57999992;read;2;7284;16
1126.68000007;open;3;0;0;0
1126.81999993;write;3;171316;512
1126.91999984;write;3;171828;4
1127.01999998;write;3;171832;1024
1127.11999989;write;3;172856;4
1127.23000002;write;3;172860;4
1127.32999992;write;3;172864;1024
1127.43000007;write;3;173888;4
1127.73000002;open;4;0;0;0
1127.82999992;close;4
1127.91999984;write;3;173892;12
1128.06999993;write;2;202752;1024
1128.16999984;write;2;203776;1024
1128.26999998;write;2;204800;1024
1128.37999988;close;3
1128.48000002;read;2;7300;16
1128.57999992;open;3;0;0;0
1128.66999984;write;3;173904;512
1128.76999998;write;3;174416;4
1128.91999984;write;3;174420;1024
1129.02999997;write;3;175444;4
1129.12999988;write;3;175448;4
1129.23000002;write;3;175452;1024
1129.32999992;write;3;176476;4
1129.43000007;write;3;176480;4
1129.62999988;write;3;176484;1024
1129.73000002;write;3;177508;4
1129.82999992;write;3;177512;4
1129.93000007;write;3;177516;1024
1130.02999997;write;3;178540;4
1130.12999988;write;3;178544;4
1130.23000002;write;3;178548;1024
1130.32999992;write;3;179572;4
1130.52999997;open;4;0;0;0
1130.62999988;close;4
1130.73000002;write;3;179576;12
1130.83999991;write;2;205824;1024
1130.94000006;write;2;206848;1024
1131.03999996;write;2;207872;1024
1131.19000006;write;2;208896;1024
1131.29999995;write;2;209920;1024
1131.40999985;write;2;210944;1024
1131.50999999;close;3
1131.5999999;read;2;7316;16
1131.70000005;open;3;0;0;0
1131.79999995;write;3;179588;512
1131.89999986;write;3;180100;4
1132.0;write;3;180104;1024
1132.0999999;write;3;181128;4
1132.20000005;write;3;181132;4
1132.29999995;write;3;181136;1024
1132.39999986;write;3;182160;4
1132.5999999;open;4;0;0;0
1132.70000005;close;4
1132.79999995;write;3;182164;12
1132.89999986;write;2;211968;1024
1133.0;write;2;212992;1024
1133.0999999;write;2;214016;1024
1133.20000005;close;3
1133.30999994;read;2;7332;16
1133.39999986;open;3;0;0;0
1133.5;write;3;182176;512
1133.5999999;write;3;182688;4
1133.70000005;write;3;182692;1024
1133.79999995;write;3;183716;4
1133.90999985;write;3;183720;4
1134.00999999;write;3;183724;1024
1134.1099999;write;3;184748;4
1134.30999994;open;4;0;0;0
1134.39999986;close;4
1134.49000001;write;3;184752;12
1134.56999993;write;2;215040;1024
1134.66999984;write;2;216064;1024
1134.76999998;write;2;217088;1024
1134.87999988;close;3
1135.08999991;read;2;7348;16
1135.19000006;open;3;0;0;0
1135.28999996;write;3;184764;512
1135.38999987;write;3;185276;4
1135.52999997;write;3;185280;1024
1135.62999988;write;3;186304;4
1135.73000002;write;3;186308;4
1135.82999992;write;3;186312;1024
1135.93000007;write;3;187336;4
1136.12999988;open;4;0;0;0
1136.23000002;close;4
1136.36999989;write;3;187340;12
1136.47000003;write;2;218112;1024
1136.56999993;write;2;219136;1024
1136.66999984;write;2;220160;1024
1136.76999998;close;3
1136.87999988;read;2;7364;16
1136.99000001;open;3;0;0;0
1137.12999988;write;3;187352;512
1137.31999993;write;3;187864;4
1137.41999984;write;3;187868;1024
1137.50999999;write;3;188892;4
1137.6099999;write;3;188896;4
1137.70000005;write;3;188900;1024
1137.79999995;write;3;189924;4
1138.0;open;4;0;0;0
1138.0999999;close;4
1138.20000005;write;3;189928;12
1138.29999995;write;2;221184;1024
1138.39999986;write;2;222208;1024
1138.5;write;2;223232;1024
1138.5999999;close;3
1138.71000004;read;2;7380;16
1138.79999995;open;3;0;0;0
1138.89999986;write;3;189940;512
1139.0;write;3;190452;4
1139.0999999;write;3;190456;1024
1139.20000005;write;3;191480;4
1139.29999995;write;3;191484;4
1139.40999985;write;3;191488;1024
1139.50999999;write;3;192512;4
1139.78999996;open;4;0;0;0
1139.89999986;close;4
1140.0;write;3;192516;12
1140.07999992;write;2;224256;1024
1140.16999984;write;2;225280;1024
1140.26999998;write;2;226304;1024
1140.37999988;close;3
1140.48000002;read;2;7396;16
1140.57999992;open;3;0;0;0
1140.66999984;write;3;192528;512
1140.76999998;write;3;193040;4
1140.87999988;write;3;193044;1024
1140.98000002;write;3;194068;4
1141.07999992;write;3;194072;4
1141.21000004;write;3;194076;1024
1141.29999995;write;3;195100;4
1141.53999996;open;4;0;0;0
1141.63999987;close;4
1141.74000001;write;3;195104;12
1141.8499999;write;2;227328;1024
1141.94000006;write;2;228352;1024
1142.03999996;write;2;229376;1024
1142.14999986;close;3
1142.25999999;read;2;7412;16
1142.3599999;open;3;0;0;0
1142.46000004;write;3;195116;512
1142.55999994;write;3;195628;4
1142.65999985;write;3;195632;1024
1142.75999999;write;3;196656;4
1142.86999989;write;3;196660;4
1142.96000004;write;3;196664;1024
1143.04999995;write;3;197688;4
1143.23000002;open;4;0;0;0
1143.32999992;close;4
1143.41999984;write;3;197692;12
1143.52999997;write;2;230400;1024
1143.62999988;write;2;231424;1024
1143.73000002;write;2;232448;1024
1143.82999992;close;3
1143.93000007;read;2;7428;16
1144.02999997;open;3;0;0;0
1144.16999984;write;3;197704;512
1144.26999998;write;3;198216;4
1144.48000002;write;3;198220;1024
1144.57999992;write;3;199244;4
1144.68000007;write;3;199248;4
1144.77999997;write;3;199252;1024
1144.87999988;write;3;200276;4
1145.11999989;open;4;0;0;0
1145.22000003;close;4
1145.31999993;write;3;200280;12
1145.41999984;write;2;233472;1024
1145.56999993;write;2;234496;1024
1145.66999984;write;2;235520;1024
1145.76999998;close;3
1145.87999988;read;2;7444;16
1146.01999998;open;3;0;0;0
1146.11999989;write;3;200292;512
1146.22000003;write;3;200804;4
1146.31999993;write;3;200808;1024
1146.41999984;write;3;201832;4
1146.51999998;write;3;201836;4
1146.65999985;write;3;201840;1024
1146.83999991;write;3;202864;4
1147.03999996;open;4;0;0;0
1147.13999987;close;4
1147.24000001;write;3;202868;12
1147.3499999;write;2;236544;1024
1147.44000006;write;2;237568;1024
1147.53999996;write;2;238592;1024
1147.64999986;close;3
1147.75;read;2;7460;16
1147.8499999;open;3;0;0;0
1147.95000005;write;3;202880;512
1148.04999995;write;3;203392;4
1148.14999986;write;3;203396;1024
1148.25;write;3;204420;4
1148.3499999;write;3;204424;4
1148.45000005;write;3;204428;1024
1148.54999995;write;3;205452;4
1148.75;open;4;0;0;0
1148.8499999;close;4
1148.95000005;write;3;205456;12
1149.04999995;write;2;239616;1024
1149.14999986;write;2;240640;1024
1149.25;write;2;241664;1024
1149.3499999;close;3
1149.46000004;read;2;7476;16
1149.54999995;open;3;0;0;0
1149.64999986;write;3;205468;512
1149.75;write;3;205980;4
1149.8499999;write;3;205984;1024
1149.95000005;write;3;207008;4
1150.04999995;write;3;207012;4
1150.20000005;write;3;207016;1024
1150.29999995;write;3;208040;4
1150.5;open;4;0;0;0
1150.5999999;close;4
1150.70000005;write;3;208044;12
1150.79999995;write;2;242688;1024
1150.89999986;write;2;243712;1024
1151.0;write;2;244736;1024
1151.0999999;close;3
1151.21000004;read;2;7492;16
1151.31999993;open;3;0;0;0
1151.40999985;write;3;208056;512
1151.50999999;write;3;208568;4
1151.65999985;write;3;208572;1024
1151.75999999;write;3;209596;4
1151.8599999;write;3;209600;4
1151.96000004;write;3;209604;1024
1152.05999994;write;3;210628;4
1152.26999998;open;4;0;0;0
1152.36999989;close;4
1152.54999995;write;3;210632;12
1152.62999988;write;2;245760;1024
1152.72000003;write;2;246784;1024
1152.86999989;write;2;247808;1024
1152.96000004;close;3
1153.04999995;read;2;7508;16
1153.13999987;open;3;0;0;0
1153.29999995;write;3;210644;512
1153.39999986;write;3;211156;4
1153.5;write;3;211160;1024
1153.5999999;write;3;212184;4
1153.70000005;write;3;212188;4
1153.79999995;write;3;212192;1024
1153.89999986;write;3;213216;4
1154.0999999;open;4;0;0;0
1154.21000004;close;4
1154.29999995;write;3;213220;12
1154.40999985;write;2;248832;1024
1154.50999999;write;2;249856;1024
1154.6099999;write;2;250880;1024
1154.75;close;3
1154.8499999;read;2;7524;16
1154.96000004;open;3;0;0;0
1155.05999994;write;3;213232;512
1155.15999985;write;3;213744;4
1155.25999999;write;3;213748;1024
1155.3599999;write;3;214772;4
1155.46000004;write;3;214776;4
1155.55999994;write;3;214780;1024
1155.70000005;write;3;215804;4
1155.88999987;open;4;0;0;0
1155.99000001;close;4
1156.21000004;write;3;215808;12
1156.29999995;write;2;251904;1024
1156.39999986;write;2;252928;1024
1156.5;write;2;253952;1024
1156.5999999;close;3
1156.70000005;read;2;7540;16
1156.79999995;open;3;0;0;0
1156.90999985;write;3;215820;512
1157.00999999;write;3;216332;4
1157.1099999;write;3;216336;1024
1157.21000004;write;3;217360;4
1157.30999994;write;3;217364;4
1157.40999985;write;3;217368;1024
1157.50999999;write;3;218392;4
1157.71000004;open;4;0;0;0
1157.80999994;close;4
1157.90999985;write;3;218396;12
1158.05999994;write;2;254976;1024
1158.15999985;write;2;256000;1024
1158.25999999;write;2;257024;1024
1158.36999989;close;3
1158.47000003;read;2;7556;16
1158.56999993;open;3;0;0;0
1158.72000003;write;3;218408;512
1158.81999993;write;3;218920;4
1158.91999984;write;3;218924;1024
1159.05999994;write;3;219948;4
1159.13999987;write;3;219952;4
1159.23000002;write;3;219956;1024
1159.30999994;write;3;220980;4
1159.45000005;write;3;220984;4
1159.52999997;write;3;220988;1024
1159.61999989;write;3;222012;4
1159.75;write;3;222016;4
1159.83999991;write;3;222020;1024
1159.94000006;write;3;223044;4
1160.03999996;write;3;223048;4
1160.13999987;write;3;223052;1024
1160.27999997;write;3;224076;4
1160.48000002;open;4;0;0;0
1160.57999992;close;4
1160.68000007;write;3;224080;12
1160.77999997;write;2;258048;1024
1160.87999988;write;2;259072;1024
1160.98000002;write;2;260096;1024
1161.07999992;write;2;261120;1024
1161.18000007;write;2;262144;1024
1161.27999997;write;2;263168;1024
1161.37999988;close;3
1161.48000002;read;2;7572;16
1161.5999999;open;3;0;0;0
1161.71000004;write;3;224092;512
1161.81999993;write;3;224604;4
1161.91999984;write;3;224608;1024
1162.00999999;write;3;225632;4
1162.0999999;write;3;225636;4
1162.19000006;write;3;225640;1024
1162.28999996;write;3;226664;4
1162.49000001;open;4;0;0;0
1162.58999991;close;4
1162.68000007;write;3;226668;12
1162.78999996;write;2;264192;1024
1162.88999987;write;2;265216;1024
1162.99000001;write;2;266240;1024
1163.08999991;close;3
1163.19000006;read;2;7588;16
1163.28999996;open;3;0;0;0
1163.38999987;write;3;226680;512
1163.49000001;write;3;227192;4
1163.58999991;write;3;227196;1024
1163.69000006;write;3;228220;4
1163.78999996;write;3;228224;4
1163.88999987;write;3;228228;1024
1163.99000001;write;3;229252;4
1164.23000002;open;4;0;0;0
1164.32999992;close;4
1164.43000007;write;3;229256;12
1164.52999997;write;2;267264;1024
1164.68000007;write;2;268288;1024
1164.78999996;write;2;269312;1024
1164.88999987;close;3
1165.0;read;2;7604;16
1165.08999991;open;3;0;0;0
1165.18000007;write;3;229268;512
1165.27999997;write;3;229780;4
1165.3599999;write;3;229784;1024
1165.45000005;write;3;230808;4
1165.57999992;write;3;230812;4
1165.65999985;write;3;230816;1024
1165.75999999;write;3;231840;4
1165.99000001;open;4;0;0;0
1166.16999984;close;4
1166.25;write;3;231844;12
1166.39999986;write;2;270336;1024
1166.5;write;2;271360;1024
1166.5999999;write;2;272384;1024
1166.74000001;close;3
1166.83999991;read;2;7620;16
1166.94000006;open;3;0;0;0
1167.03999996;write;3;231856;512
1167.18000007;write;3;232368;4
1167.27999997;write;3;232372;1024
1167.37999988;write;3;233396;4
1167.51999998;write;3;233400;4
1167.61999989;write;3;233404;1024
1167.72000003;write;3;234428;4
1167.91999984;open;4;0;0;0
1168.01999998;close;4
1168.11999989;write;3;234432;12
1168.22000003;write;2;273408;1024
1168.31999993;write;2;274432;1024
1168.41999984;write;2;275456;1024
1168.56999993;close;3
1168.66999984;read;2;7636;16
1168.76999998;open;3;0;0;0
1168.86999989;write;3;234444;512
1168.97000003;write;3;234956;4
1169.06999993;write;3;234960;1024
1169.16999984;write;3;235984;4
1169.26999998;write;3;235988;4
1169.36999989;write;3;235992;1024
1169.56999993;write;3;237016;4
1170.25;open;4;0;0;0
1170.3499999;close;4
1170.45000005;write;3;237020;12
1170.58999991;write;2;276480;1024
1170.69000006;write;2;277504;1024
1170.78999996;write;2;278528;1024
1170.88999987;close;3
1170.99000001;read;2;7652;16
1171.11999989;open;3;0;0;0
1171.21000004;write;3;237032;512
1171.30999994;write;3;237544;4
1171.40999985;write;3;237548;1024
1171.50999999;write;3;238572;4
1171.6099999;write;3;238576;4
1171.71000004;write;3;238580;1024
1171.80999994;write;3;239604;4
1172.00999999;open;4;0;0;0
1172.1099999;close;4
1172.21000004;write;3;239608;12
1172.30999994;write;2;279552;1024
1172.41999984;write;2;280576;1024
1172.55999994;write;2;281600;1024
1172.65999985;close;3
1172.75;read;2;7668;16
1172.8499999;open;3;0;0;0
1172.95000005;write;3;239620;512
1173.04999995;write;3;240132;4
1173.14999986;write;3;240136;1024
1173.25;write;3;241160;4
1173.3599999;write;3;241164;4
1173.45000005;write;3;241168;1024
1173.5999999;write;3;242192;4
1173.79999995;open;4;0;0;0
1173.89999986;close;4
1174.08999991;write;3;242196;12
1174.19000006;write;2;282624;1024
1174.28999996;write;2;283648;1024
1174.43000007;write;2;284672;1024
1174.52999997;close;3
1174.62999988;read;2;7684;16
1174.73000002;open;3;0;0;0
1174.83999991;write;3;242208;512
1174.94000006;write;3;242720;4
1175.03999996;write;3;242724;1024
1175.13999987;write;3;243748;4
1175.25;write;3;243752;4
1175.3599999;write;3;243756;1024
1175.46000004;write;3;244780;4
1175.55999994;write;3;244784;4
1175.65999985;write;3;244788;1024
1175.79999995;write;3;245812;4
1175.88999987;write;3;245816;4
1176.08999991;write;3;245820;1024
1176.19000006;write;3;246844;4
1176.33999991;write;3;246848;4
1176.44000006;write;3;246852;1024
1176.53999996;write;3;247876;4
1176.75;open;4;0;0;0
1176.8499999;close;4
1176.95000005;write;3;247880;12
1177.08999991;write;2;285696;1024
1177.19000006;write;2;286720;1024
1177.28999996;write;2;287744;1024
1177.43000007;write;2;288768;1024
1177.52999997;write;2;289792;1024
1177.62999988;write;2;290816;1024
1177.73000002;close;3
1177.87999988;read;2;7700;16
1177.97000003;open;3;0;0;0
1178.06999993;write;3;247892;512
1178.16999984;write;3;248404;4
1178.26999998;write;3;248408;1024
1178.36999989;write;3;249432;4
1178.48000002;write;3;249436;4
1178.57999992;write;3;249440;1024
1178.68000007;write;3;250464;4
1178.88999987;open;4;0;0;0
1178.98000002;close;4
1179.07999992;write;3;250468;12
1179.15999985;write;2;291840;1024
1179.25999999;write;2;292864;1024
1179.39999986;write;2;293888;1024
1179.5;close;3
1179.71000004;read;2;7716;16
1179.79999995;open;3;0;0;0
1179.94000006;write;3;250480;512
1180.03999996;write;3;250992;4
1180.13999987;write;3;250996;1024
1180.28999996;write;3;252020;4
1180.38999987;write;3;252024;4
1180.49000001;write;3;252028;1024
1180.58999991;write;3;253052;4
1180.82999992;open;4;0;0;0
1180.93000007;close;4
1181.02999997;write;3;253056;12
1181.12999988;write;2;294912;1024
1181.23000002;write;2;295936;1024
1181.32999992;write;2;296960;1024
1181.43000007;close;3
1181.5999999;read;2;7732;16
1181.77999997;open;3;0;0;0
1181.88999987;write;3;253068;512
1181.99000001;write;3;253580;4
1182.08999991;write;3;253584;1024
1182.19000006;write;3;254608;4
1182.32999992;write;3;254612;4
1182.40999985;write;3;254616;1024
1182.49000001;write;3;255640;4
1182.65999985;open;4;0;0;0
1182.75;close;4
1182.83999991;write;3;255644;12
1182.93000007;write;2;297984;1024
1183.02999997;write;2;299008;1024
1183.11999989;write;2;300032;1024
1183.21000004;close;3
1183.30999994;read;2;7748;16
1183.40999985;open;3;0;0;0
1183.50999999;write;3;255656;512
1183.6099999;write;3;256168;4
1183.71000004;write;3;256172;1024
1183.80999994;write;3;257196;4
1183.90999985;write;3;257200;4
1184.00999999;write;3;257204;1024
1184.11999989;write;3;258228;4
1184.22000003;write;3;258232;4
1184.31999993;write;3;258236;1024
1184.41999984;write;3;259260;4
1184.57999992;write;3;259264;4
1184.68000007;write;3;259268;1024
1184.77999997;write;3;260292;4
1184.87999988;write;3;260296;4
1184.98000002;write;3;260300;1024
1185.07999992;write;3;261324;4
1185.29999995;open;4;0;0;0
1185.39999986;close;4
1185.49000001;write;3;261328;12
1185.64999986;write;2;301056;1024
1185.75;write;2;302080;1024
1185.83999991;write;2;303104;1024
1186.04999995;write;2;304128;1024
1186.14999986;write;2;305152;1024
1186.26999998;write;2;306176;1024
1186.36999989;close;3
1186.47000003;read;2;7764;16
1186.56999993;open;3;0;0;0
1186.66999984;write;3;261340;512
1186.76999998;write;3;261852;4
1186.86999989;write;3;261856;1024
1186.97000003;write;3;262880;4
1187.06999993;write;3;262884;4
1187.16999984;write;3;262888;1024
1187.26999998;write;3;263912;4
1187.49000001;open;4;0;0;0
1187.66999984;close;4
1187.76999998;write;3;263916;12
1187.91999984;write;2;307200;1024
1188.06999993;write;2;308224;1024
1188.16999984;write;2;309248;1024
1188.3499999;close;3
1188.56999993;read;2;7780;16
1188.75;open;3;0;0;0
1188.90999985;write;3;263928;512
1189.0;write;3;264440;4
1189.15999985;write;3;264444;1024
1189.31999993;write;3;265468;4
1189.41999984;write;3;265472;4
1189.57999992;write;3;265476;1024
1189.73000002;write;3;266500;4
1189.82999992;write;3;266504;4
1189.99000001;write;3;266508;1024
1190.13999987;write;3;267532;4
1190.25;write;3;267536;4
1190.44000006;write;3;267540;1024
1190.6099999;write;3;268564;4
1190.80999994;write;3;268568;4
1190.96000004;write;3;268572;1024
1191.05999994;write;3;269596;4
1191.41999984;open;4;0;0;0
1191.56999993;close;4
1191.66999984;write;3;269600;12
1191.82999992;write;2;310272;1024
1191.98000002;write;2;311296;1024
1192.07999992;write;2;312320;1024
1192.24000001;write;2;313344;1024
1192.38999987;write;2;314368;1024
1192.5;write;2;315392;1024
1192.6099999;close;3
1192.71000004;read;2;7796;16
1192.80999994;open;3;0;0;0
1192.89999986;write;3;269612;512
1192.98000002;write;3;270124;4
1193.07999992;write;3;270128;1024
1193.18000007;write;3;271152;4
1193.28999996;write;3;271156;4
1193.38999987;write;3;271160;1024
1193.49000001;write;3;272184;4
1193.58999991;write;3;272188;4
1193.69000006;write;3;272192;1024
1193.78999996;write;3;273216;4
1193.93000007;write;3;273220;4
1194.02999997;write;3;273224;1024
1194.12999988;write;3;274248;4
1194.23000002;write;3;274252;4
1194.32999992;write;3;274256;1024
1194.52999997;write;3;275280;4
1194.73000002;open;4;0;0;0
1194.82999992;close;4
1194.93000007;write;3;275284;12
1195.02999997;write;2;316416;1024
1195.12999988;write;2;317440;1024
1195.23000002;write;2;318464;1024
1195.32999992;write;2;319488;1024
1195.43000007;write;2;320512;1024
1195.52999997;write;2;321536;1024
1195.62999988;write;2;322560;1024
1195.73000002;close;3
1195.83999991;read;2;7812;16
1195.93000007;open;3;0;0;0
1196.05999994;write;3;275296;512
1196.14999986;write;3;275808;4
1196.23000002;write;3;275812;1024
1196.33999991;write;3;276836;4
1196.43000007;write;3;276840;4
1196.52999997;write;3;276844;1024
1196.62999988;write;3;277868;4
1196.81999993;open;4;0;0;0
1196.90999985;close;4
1197.00999999;write;3;277872;12
1197.14999986;write;2;323584;1024
1197.32999992;write;2;324608;1024
1197.43000007;write;2;325632;1024
1197.52999997;close;3
1197.62999988;read;2;7828;16
1197.73000002;open;3;0;0;0
1197.82999992;write;3;277884;512
1197.93000007;write;3;278396;4
1198.02999997;write;3;278400;1024
1198.12999988;write;3;279424;4
1198.24000001;write;3;279428;4
1198.33999991;write;3;279432;1024
1198.44000006;write;3;280456;4
1198.65999985;open;4;0;0;0
1198.75999999;close;4
1198.83999991;write;3;280460;12
1198.93000007;write;2;326656;1024
1199.02999997;write;2;327680;1024
1199.12999988;write;2;328704;1024
1199.23000002;close;3
1199.32999992;close;2

